Workbook

Sheet Início
A1: PLANILHA DE CONTROLE E PRESCRIÇÃO DE TREINAMENTO • VOLEIBOL
A2: Periodização Macrociclo → Mesociclo → Microciclo → Sessão | Controle de carga por PSE da sessão, ACWR, Monotonia/Strain e Wellness
B4: COMO USAR — PASSO A PASSO
B5: 1. Listas | C5: Confira/ajuste as opções de todos os menus suspensos (posições, categorias, tipos de sessão, etc.).
B6: 2. Cadastro | C6: Cadastre os atletas. O nome cadastrado alimenta TODAS as demais abas automaticamente.
B7: 3. Macrociclo | C7: Defina a temporada (datas, objetivo) e divida-a em mesociclos com volume/intensidade previstos.
B8: 4. Mesociclo | C8: Escolha um mesociclo no menu e detalhe os microciclos (semanas), com carga prevista x realizada.
B9: 5. Microciclo | C9: Monte a semana: sessões por dia, duração, PSE prevista e distribuição de conteúdos.
B10: 6. Exercícios | C10: Biblioteca de exercícios. Já vem com 42 exercícios de voleibol — inclua os seus.
B11: 7. Prescrição | C11: PRESCREVA o treino: uma linha por exercício, com séries, repetições, carga, pausa e destinatário.
B12: 8. Carga (PSE) | C12: REGISTRE o realizado: duração x PSE = carga em UA. ACWR, aguda e crônica são calculados sozinhos.
B13: 9. Wellness | C13: Questionário diário (sono, estresse, fadiga, dor) → Índice de Hooper e classificação automática.
B14: 10. Presença | C14: Chamada por sessão, com % de presença por atleta calculado ao lado.
B15: 11. Testes | C15: Avaliações físicas periódicas (saltos, alcances, agilidade, sprint, flexibilidade).
B16: 12. Atleta | C16: ÁREA DO ATLETA: escolha o nome e ele vê o próprio perfil, cargas, monotonia e o treino prescrito.
B17: 13. Painel | C17: PAINEL INTERATIVO: indicadores e gráficos de toda a equipe, por semana e por atleta.
B19: LEGENDA DE CORES
B20: Célula de PREENCHIMENTO (azul sobre amarelo)
B21: Célula CALCULADA — não digite por cima
B22: Cabeçalho de tabela
B23: Alerta / risco elevado
B24: Atenção / monitorar
B25: Adequado / dentro da meta
B27: MÉTRICAS DE CONTROLE UTILIZADAS — DEFINIÇÕES E REFERÊNCIAS
B28: Carga Interna (UA) | C28: Duração da sessão (min) × PSE da sessão (escala 0–10, coletada ~30 min após o treino). Método da PSE da sessão de Foster et al. (2001), J Strength Cond Res.
B29: Carga Aguda (7 d) | C29: Soma da carga em UA dos últimos 7 dias do atleta (inclui o dia atual).
B30: Carga Crônica (28 d) | C30: Soma da carga dos últimos 28 dias ÷ 4 (média semanal), para ficar na mesma escala da aguda.
B31: ACWR | C31: Carga Aguda ÷ Carga Crônica. Faixas usadas na planilha: <0,80 subcarga | 0,80–1,30 zona ideal | 1,31–1,50 atenção | >1,50 risco elevado. Referência: Gabbett (2016), Br J Sports Med. Interpretar sempre junto do contexto e da clínica do atleta.
B32: Monotonia | C32: Média das cargas diárias da semana ÷ desvio-padrão dessas mesmas cargas (7 dias, dias de folga contam como zero). >2,0 indica semana monótona.
B33: Strain | C33: Carga semanal total × Monotonia. Picos de strain associam-se a maior risco de lesão/doença (Foster, 1998).
B34: Índice de Hooper | C34: Soma de 4 itens (qualidade do sono, estresse, fadiga e dor muscular), cada um de 1 = muito bom/ausente a 7 = muito ruim/máxima. Varia de 4 a 28; QUANTO MAIOR, PIOR. Referência: Hooper & Mackinnon (1995), Sports Med.
B35: Volume × Intensidade | C35: No Macrociclo, valores em % representam a proporção relativa planejada para cada mesociclo (ex.: 85% = volume alto).
B37: ATENÇÃO — DADOS DE EXEMPLO: a planilha vem preenchida com 12 atletas fictícios, um macrociclo modelo e registros de carga/wellness/presença apenas para demonstrar os cálculos e os gráficos. Apague esses dados (linhas marcadas como EXEMPLO) antes de usar com a sua equipe. As fórmulas permanecem intactas. AVISO: esta planilha é uma ferramenta de organização do treino. Não substitui avaliação médica nem fisioterápica; os indicadores de risco são apoio à decisão do técnico/preparador físico.

Sheet Cadastro
A1: CADASTRO DE ATLETAS
A2: Preencha as colunas em amarelo. As colunas cinza são calculadas. O nome digitado aqui aparece nos menus de todas as outras abas.
B4: Campos obrigatórios: Nome, Data de Nascimento, Estatura e Massa. Alcance em Pé = altura atingida em pé com o braço dominante estendido — é a base para calcular as impulsões.
A6: ID | B6: Nome Completo | C6: Data de Nasc. | D6: Idade | E6: Sexo | F6: Posição | G6: Categoria | H6: Nº Camisa | I6: Dominância | J6: Estatura (m) | K6: Massa (kg) | L6: IMC | M6: Envergadura (cm) | N6: Alcance em Pé (cm) | O6: Alcance de Ataque (cm) | P6: Alcance de Bloqueio (cm) | Q6: Impulsão de Ataque (cm) | R6: Impulsão de Bloqueio (cm) | S6: Entrada na Equipe | T6: Status | U6: Contato / Responsável | V6: Observações
A7: =IF($B7="","","ATL-"&TEXT(ROW()-6,"000")) | D7: =IFERROR(DATEDIF($C7,TODAY(),"Y"),"") -> 126 | L7: =IFERROR(ROUND($K7/$J7^2,1),"") | Q7: =IF(OR($O7="",$N7=""),"",$O7-$N7) | R7: =IF(OR($P7="",$N7=""),"",$P7-$N7) | V7: ← primeira linha: preencha aqui
A8: =IF($B8="","","ATL-"&TEXT(ROW()-6,"000")) | D8: =IFERROR(DATEDIF($C8,TODAY(),"Y"),"") -> 126 | L8: =IFERROR(ROUND($K8/$J8^2,1),"") | Q8: =IF(OR($O8="",$N8=""),"",$O8-$N8) | R8: =IF(OR($P8="",$N8=""),"",$P8-$N8)
A9: =IF($B9="","","ATL-"&TEXT(ROW()-6,"000")) | D9: =IFERROR(DATEDIF($C9,TODAY(),"Y"),"") -> 126 | L9: =IFERROR(ROUND($K9/$J9^2,1),"") | Q9: =IF(OR($O9="",$N9=""),"",$O9-$N9) | R9: =IF(OR($P9="",$N9=""),"",$P9-$N9)
A10: =IF($B10="","","ATL-"&TEXT(ROW()-6,"000")) | D10: =IFERROR(DATEDIF($C10,TODAY(),"Y"),"") -> 126 | L10: =IFERROR(ROUND($K10/$J10^2,1),"") | Q10: =IF(OR($O10="",$N10=""),"",$O10-$N10) | R10: =IF(OR($P10="",$N10=""),"",$P10-$N10)
A11: =IF($B11="","","ATL-"&TEXT(ROW()-6,"000")) | D11: =IFERROR(DATEDIF($C11,TODAY(),"Y"),"") -> 126 | L11: =IFERROR(ROUND($K11/$J11^2,1),"") | Q11: =IF(OR($O11="",$N11=""),"",$O11-$N11) | R11: =IF(OR($P11="",$N11=""),"",$P11-$N11)
A12: =IF($B12="","","ATL-"&TEXT(ROW()-6,"000")) | D12: =IFERROR(DATEDIF($C12,TODAY(),"Y"),"") -> 126 | L12: =IFERROR(ROUND($K12/$J12^2,1),"") | Q12: =IF(OR($O12="",$N12=""),"",$O12-$N12) | R12: =IF(OR($P12="",$N12=""),"",$P12-$N12)
A13: =IF($B13="","","ATL-"&TEXT(ROW()-6,"000")) | D13: =IFERROR(DATEDIF($C13,TODAY(),"Y"),"") -> 126 | L13: =IFERROR(ROUND($K13/$J13^2,1),"") | Q13: =IF(OR($O13="",$N13=""),"",$O13-$N13) | R13: =IF(OR($P13="",$N13=""),"",$P13-$N13)
A14: =IF($B14="","","ATL-"&TEXT(ROW()-6,"000")) | D14: =IFERROR(DATEDIF($C14,TODAY(),"Y"),"") -> 126 | L14: =IFERROR(ROUND($K14/$J14^2,1),"") | Q14: =IF(OR($O14="",$N14=""),"",$O14-$N14) | R14: =IF(OR($P14="",$N14=""),"",$P14-$N14)
A15: =IF($B15="","","ATL-"&TEXT(ROW()-6,"000")) | D15: =IFERROR(DATEDIF($C15,TODAY(),"Y"),"") -> 126 | L15: =IFERROR(ROUND($K15/$J15^2,1),"") | Q15: =IF(OR($O15="",$N15=""),"",$O15-$N15) | R15: =IF(OR($P15="",$N15=""),"",$P15-$N15)
A16: =IF($B16="","","ATL-"&TEXT(ROW()-6,"000")) | D16: =IFERROR(DATEDIF($C16,TODAY(),"Y"),"") -> 126 | L16: =IFERROR(ROUND($K16/$J16^2,1),"") | Q16: =IF(OR($O16="",$N16=""),"",$O16-$N16) | R16: =IF(OR($P16="",$N16=""),"",$P16-$N16)
A17: =IF($B17="","","ATL-"&TEXT(ROW()-6,"000")) | D17: =IFERROR(DATEDIF($C17,TODAY(),"Y"),"") -> 126 | L17: =IFERROR(ROUND($K17/$J17^2,1),"") | Q17: =IF(OR($O17="",$N17=""),"",$O17-$N17) | R17: =IF(OR($P17="",$N17=""),"",$P17-$N17)
A18: =IF($B18="","","ATL-"&TEXT(ROW()-6,"000")) | D18: =IFERROR(DATEDIF($C18,TODAY(),"Y"),"") -> 126 | L18: =IFERROR(ROUND($K18/$J18^2,1),"") | Q18: =IF(OR($O18="",$N18=""),"",$O18-$N18) | R18: =IF(OR($P18="",$N18=""),"",$P18-$N18)
A19: =IF($B19="","","ATL-"&TEXT(ROW()-6,"000")) | D19: =IFERROR(DATEDIF($C19,TODAY(),"Y"),"") -> 126 | L19: =IFERROR(ROUND($K19/$J19^2,1),"") | Q19: =IF(OR($O19="",$N19=""),"",$O19-$N19) | R19: =IF(OR($P19="",$N19=""),"",$P19-$N19)
... A66: =IF($B66="","","ATL-"&TEXT(ROW()-6,"000")) | D66: =IFERROR(DATEDIF($C66,TODAY(),"Y"),"") -> 126 | L66: =IFERROR(ROUND($K66/$J66^2,1),"") | Q66: =IF(OR($O66="",$N66=""),"",$O66-$N66) | R66: =IF(OR($P66="",$N66=""),"",$P66-$N66)

Sheet Exercícios
A1: BIBLIOTECA DE EXERCÍCIOS
A2: Cada exercício cadastrado aqui fica disponível no menu suspenso da aba Prescrição, que puxa automaticamente categoria, fundamento e capacidade física.
A6: ID | B6: Exercício | C6: Categoria | D6: Fundamento | E6: Capacidade Física | F6: Objetivo | G6: Descrição / Execução | H6: Material | I6: Nº de Atletas | J6: Duração Sug. (min) | K6: Intensidade Sug. | L6: PSE Sug. | M6: Nível | N6: Link de Vídeo
A7: =IF($B7="","","EX-"&TEXT(ROW()-6,"000")) -> EX-001 | B7: Saque flutuante de apoio | C7: Técnico | D7: Saque | E7: Coordenação | F7: Precisão e constância do saque flutuante | G7: Séries de 10 saques por zona alvo (1, 5 e 6). Contato firme no centro da bola, sem rotação, braço freado no impacto. | H7: Bolas, cones/alvos | I7: 1 | J7: 12 | K7: Moderada | L7: 4 | M7: Iniciante
A8: =IF($B8="","","EX-"&TEXT(ROW()-6,"000")) -> EX-002 | B8: Saque viagem no fundo (jump float) | C8: Técnico | D8: Saque | E8: Coordenação | F8: Saque flutuante com salto e maior velocidade | G8: Passada de 2–3 tempos, salto vertical, contato seco. 3 blocos de 8 saques com alvo no fundo da quadra. | H8: Bolas | I8: 1 | J8: 12 | K8: Alta | L8: 5 | M8: Intermediário
A9: =IF($B9="","","EX-"&TEXT(ROW()-6,"000")) -> EX-003 | B9: Saque potente com salto | C9: Técnico | D9: Saque | E9: Força Explosiva/Potência | F9: Velocidade e agressividade no saque | G9: 4 séries de 6 saques em potência máxima, alternando zona 1 e zona 5. Pausa completa entre séries. | H9: Bolas | I9: 1 | J9: 15 | K9: Muito Alta | L9: 7 | M9: Avançado
A10: =IF($B10="","","EX-"&TEXT(ROW()-6,"000")) -> EX-004 | B10: Recepção em duplas com bola dirigida | C10: Técnico | D10: Recepção (Passe) | E10: Coordenação | F10: Plataforma estável e passe ao alvo | G10: Técnico lança bolas alternadas; atleta recebe para o alvo em zona 2/3. 3 x 15 repetições. | H10: Bolas, alvo/cesto | I10: 2 | J10: 12 | K10: Moderada | L10: 4 | M10: Iniciante
A11: =IF($B11="","","EX-"&TEXT(ROW()-6,"000")) -> EX-005 | B11: Recepção de saque em sistema de 2 passadores | C11: Técnico | D11: Recepção (Passe) | E11: Coordenação | F11: Leitura de trajetória e responsabilidade de zona | G11: Sacador real do outro lado. Passadores em L; 20 saques por rodízio, meta de 70% de passes A/B. | H11: Bolas, rede | I11: 4 | J11: 20 | K11: Alta | L11: 6 | M11: Intermediário
A12: =IF($B12="","","EX-"&TEXT(ROW()-6,"000")) -> EX-006 | B12: Manchete de deslocamento lateral (leque) | C12: Técnico | D12: Recepção (Passe) | E12: Agilidade/COD | F12: Deslocamento e recepção fora da base | G12: Bolas alternadas à direita e à esquerda; deslocamento em passo lateral e retorno à base. 4 x 30 s. | H12: Bolas | I12: 1 | J12: 10 | K12: Alta | L12: 6 | M12: Intermediário
A13: =IF($B13="","","EX-"&TEXT(ROW()-6,"000")) -> EX-007 | B13: Levantamento em suspensão contra a parede | C13: Técnico | D13: Levantamento | E13: Coordenação | F13: Consistência do toque e ação simétrica das mãos | G13: 3 x 30 toques contra a parede a 3 m, mantendo a bola sem rotação. | H13: Bola, parede | I13: 1 | J13: 8 | K13: Baixa | L13: 3 | M13: Iniciante
A14: =IF($B14="","","EX-"&TEXT(ROW()-6,"000")) -> EX-008 | B14: Levantamento em rede com alvos | C14: Técnico | D14: Levantamento | E14: Coordenação | F14: Precisão de bola alta, rápida e de fundo | G14: Levantador recebe passe do técnico e distribui para alvos em P4, P2 e Pipe. 5 x 12 levantamentos. | H14: Bolas, aros/alvos | I14: 2 | J14: 18 | K14: Moderada | L14: 5 | M14: Intermediário
A15: =IF($B15="","","EX-"&TEXT(ROW()-6,"000")) -> EX-009 | B15: Levantamento invertido (costas) | C15: Técnico | D15: Levantamento | E15: Coordenação | F15: Domínio do levantamento para trás sem sinalizar | G15: 3 x 15 levantamentos de costas para P2 com o técnico corrigindo a extensão de quadril. | H15: Bolas | I15: 2 | J15: 12 | K15: Moderada | L15: 5 | M15: Avançado
A16: =IF($B16="","","EX-"&TEXT(ROW()-6,"000")) -> EX-010 | B16: Ataque de bola alta pela ponta (P4) | C16: Técnico | D16: Ataque | E16: Força Explosiva/Potência | F16: Ritmo de aproximação e ataque em bola alta | G16: 4 x 10 ataques com levantador real. Foco na passada de 3 tempos e no braço em arco. | H16: Bolas, rede | I16: 3 | J16: 18 | K16: Alta | L16: 6 | M16: Intermediário
A17: =IF($B17="","","EX-"&TEXT(ROW()-6,"000")) -> EX-011 | B17: Ataque de primeiro tempo (P3) | C17: Técnico | D17: Ataque | E17: Velocidade | F17: Sincronia central x levantador | G17: 4 x 8 ataques de bola rápida, variando o ponto de contato ao longo da rede. | H17: Bolas, rede | I17: 3 | J17: 15 | K17: Alta | L17: 6 | M17: Avançado
A18: =IF($B18="","","EX-"&TEXT(ROW()-6,"000")) -> EX-012 | B18: Ataque de fundo (Pipe / P6) | C18: Técnico | D18: Ataque | E18: Força Explosiva/Potência | F18: Ataque a partir da linha de 3 m | G18: 3 x 10 ataques de fundo saindo da recepção. Atenção à marca dos 3 m. | H18: Bolas, rede | I18: 3 | J18: 15 | K18: Alta | L18: 6 | M18: Avançado
... A48: =IF($B48="","","EX-"&TEXT(ROW()-6,"000")) -> EX-042 | B48: Reação visual com estímulo do técnico | C48: Cognitivo/Visual | D48: Defesa | E48: Coordenação | F48: Tempo de reação e leitura antecipatória | G48: Técnico sinaliza a direção no último instante; atleta desloca e defende. 5 x 30 s. | H48: Bolas, sinalizadores | I48: 1 | J48: 10 | K48: Alta | L48: 6 | M48: Intermediário
A49: =IF($B49="","","EX-"&TEXT(ROW()-6,"000"))
A50: =IF($B50="","","EX-"&TEXT(ROW()-6,"000"))
A51: =IF($B51="","","EX-"&TEXT(ROW()-6,"000"))
A52: =IF($B52="","","EX-"&TEXT(ROW()-6,"000"))
A53: =IF($B53="","","EX-"&TEXT(ROW()-6,"000"))
A54: =IF($B54="","","EX-"&TEXT(ROW()-6,"000"))
A55: =IF($B55="","","EX-"&TEXT(ROW()-6,"000"))
A56: =IF($B56="","","EX-"&TEXT(ROW()-6,"000"))
A57: =IF($B57="","","EX-"&TEXT(ROW()-6,"000"))
A58: =IF($B58="","","EX-"&TEXT(ROW()-6,"000"))
A59: =IF($B59="","","EX-"&TEXT(ROW()-6,"000"))
A60: =IF($B60="","","EX-"&TEXT(ROW()-6,"000"))
... A206: =IF($B206="","","EX-"&TEXT(ROW()-6,"000"))

Sheet Macrociclo
A1: MACROCICLO — PLANEJAMENTO DA TEMPORADA
A2: Defina o período total e divida-o em mesociclos. A Data de Início (C11) é a referência de TODA a numeração de semanas da planilha.
B4: IDENTIFICAÇÃO DO MACROCICLO
B6: Temporada / Época
B7: Equipe / Clube
B8: Categoria
B9: Técnico Responsável
B10: Preparador Físico
B11: Data de Início | C11: 46027
B12: Data de Término | C12: 46355
B13: Duração (semanas) | C13: =IFERROR(ROUNDUP(($C$12-$C$11+1)/7,0),"") -> 47
B14: Objetivo Principal
B15: Competição-Alvo
A17: DIVISÃO EM MESOCICLOS
A18: Nº | B18: Mesociclo | C18: Período | D18: Data Início | E18: Data Fim | F18: Semanas | G18: Semana Inicial | H18: Volume (%) | I18: Intensidade (%) | J18: Ênfase Física | K18: Ênfase Técnica | L18: Ênfase Tática | M18: Carga-Alvo Semanal (UA) | N18: Competições no Período | O18: Situação
A19: =IF($B19="","",ROW()-18) | F19: =IF(OR($D19="",$E19=""),0,ROUNDUP(($E19-$D19+1)/7,0)) -> 0 | G19: =IF(OR($D19="",$C$11=""),0,INT(($D19-$C$11)/7)+1) -> 0
A20: =IF($B20="","",ROW()-18) | F20: =IF(OR($D20="",$E20=""),0,ROUNDUP(($E20-$D20+1)/7,0)) -> 0 | G20: =IF(OR($D20="",$C$11=""),0,INT(($D20-$C$11)/7)+1) -> 0
A21: =IF($B21="","",ROW()-18) | F21: =IF(OR($D21="",$E21=""),0,ROUNDUP(($E21-$D21+1)/7,0)) -> 0 | G21: =IF(OR($D21="",$C$11=""),0,INT(($D21-$C$11)/7)+1) -> 0
A22: =IF($B22="","",ROW()-18) | F22: =IF(OR($D22="",$E22=""),0,ROUNDUP(($E22-$D22+1)/7,0)) -> 0 | G22: =IF(OR($D22="",$C$11=""),0,INT(($D22-$C$11)/7)+1) -> 0
A23: =IF($B23="","",ROW()-18) | F23: =IF(OR($D23="",$E23=""),0,ROUNDUP(($E23-$D23+1)/7,0)) -> 0 | G23: =IF(OR($D23="",$C$11=""),0,INT(($D23-$C$11)/7)+1) -> 0
A24: =IF($B24="","",ROW()-18) | F24: =IF(OR($D24="",$E24=""),0,ROUNDUP(($E24-$D24+1)/7,0)) -> 0 | G24: =IF(OR($D24="",$C$11=""),0,INT(($D24-$C$11)/7)+1) -> 0
A25: =IF($B25="","",ROW()-18) | F25: =IF(OR($D25="",$E25=""),0,ROUNDUP(($E25-$D25+1)/7,0)) -> 0 | G25: =IF(OR($D25="",$C$11=""),0,INT(($D25-$C$11)/7)+1) -> 0
A26: =IF($B26="","",ROW()-18) | F26: =IF(OR($D26="",$E26=""),0,ROUNDUP(($E26-$D26+1)/7,0)) -> 0 | G26: =IF(OR($D26="",$C$11=""),0,INT(($D26-$C$11)/7)+1) -> 0
A27: =IF($B27="","",ROW()-18) | F27: =IF(OR($D27="",$E27=""),0,ROUNDUP(($E27-$D27+1)/7,0)) -> 0 | G27: =IF(OR($D27="",$C$11=""),0,INT(($D27-$C$11)/7)+1) -> 0
A28: =IF($B28="","",ROW()-18) | F28: =IF(OR($D28="",$E28=""),0,ROUNDUP(($E28-$D28+1)/7,0)) -> 0 | G28: =IF(OR($D28="",$C$11=""),0,INT(($D28-$C$11)/7)+1) -> 0
A29: =IF($B29="","",ROW()-18) | F29: =IF(OR($D29="",$E29=""),0,ROUNDUP(($E29-$D29+1)/7,0)) -> 0 | G29: =IF(OR($D29="",$C$11=""),0,INT(($D29-$C$11)/7)+1) -> 0
A30: =IF($B30="","",ROW()-18) | F30: =IF(OR($D30="",$E30=""),0,ROUNDUP(($E30-$D30+1)/7,0)) -> 0 | G30: =IF(OR($D30="",$C$11=""),0,INT(($D30-$C$11)/7)+1) -> 0
B31: TOTAL / MÉDIA | F31: =SUM(F19:F30) -> 0 | H31: =IFERROR(AVERAGE(H19:H30),"") | I31: =IFERROR(AVERAGE(I19:I30),"") | M31: =IFERROR(SUMPRODUCT($F19:$F30,$M19:$M30),"") -> 0
B32: Confira: a soma de semanas dos mesociclos deve bater com a Duração (semanas) em C13. A Carga-Alvo total é a soma de (semanas × carga-alvo semanal) de cada mesociclo.

Sheet Mesociclo
A1: MESOCICLO — DETALHAMENTO EM MICROCICLOS
A2: Escolha o mesociclo no menu suspenso: os dados do planejamento são puxados do Macrociclo automaticamente.
B4: SELEÇÃO E RESUMO DO MESOCICLO
B6: Mesociclo selecionado
B8: Período | C8: =IFERROR(INDEX(Macrociclo!$C$19:$C$30,MATCH($C$6,Macrociclo!$B$19:$B$30,0)),"") | F8: Ênfase Física | G8: =IFERROR(INDEX(Macrociclo!$J$19:$J$30,MATCH($C$6,Macrociclo!$B$19:$B$30,0)),"")
B9: Data de Início | C9: =IFERROR(INDEX(Macrociclo!$D$19:$D$30,MATCH($C$6,Macrociclo!$B$19:$B$30,0)),"") | F9: Ênfase Técnica | G9: =IFERROR(INDEX(Macrociclo!$K$19:$K$30,MATCH($C$6,Macrociclo!$B$19:$B$30,0)),"")
B10: Data de Término | C10: =IFERROR(INDEX(Macrociclo!$E$19:$E$30,MATCH($C$6,Macrociclo!$B$19:$B$30,0)),"") | F10: Ênfase Tática | G10: =IFERROR(INDEX(Macrociclo!$L$19:$L$30,MATCH($C$6,Macrociclo!$B$19:$B$30,0)),"")
B11: Duração (semanas) | C11: =IFERROR(INDEX(Macrociclo!$F$19:$F$30,MATCH($C$6,Macrociclo!$B$19:$B$30,0)),"") | F11: Competições | G11: =IFERROR(INDEX(Macrociclo!$N$19:$N$30,MATCH($C$6,Macrociclo!$B$19:$B$30,0)),"")
B12: Semana Inicial no Macro | C12: =IFERROR(INDEX(Macrociclo!$G$19:$G$30,MATCH($C$6,Macrociclo!$B$19:$B$30,0)),"")
B13: Volume Planejado | C13: =IFERROR(INDEX(Macrociclo!$H$19:$H$30,MATCH($C$6,Macrociclo!$B$19:$B$30,0)),"")
B14: Intensidade Planejada | C14: =IFERROR(INDEX(Macrociclo!$I$19:$I$30,MATCH($C$6,Macrociclo!$B$19:$B$30,0)),"")
B15: Carga-Alvo Semanal (UA) | C15: =IFERROR(INDEX(Macrociclo!$M$19:$M$30,MATCH($C$6,Macrociclo!$B$19:$B$30,0)),"")
A17: MICROCICLOS DO MESOCICLO — PREVISTO × REALIZADO
A18: Nº | B18: Microciclo | C18: Tipo de Microciclo | D18: Data Início | E18: Data Fim | F18: Objetivo do Microciclo | G18: Semana nº | H18: Sessões Previstas | I18: Volume Previsto (min) | J18: PSE Média Prevista | K18: Carga Prevista (UA) | L18: % Cumprido | M18: Observações
A19: =IF($B19="","",ROW()-18) | G19: =IF(OR($D19="",Macrociclo!$C$11=""),0,INT(($D19-Macrociclo!$C$11)/7)+1) -> 0 | K19: =IF(OR($I19="",$J19=""),0,$I19*$J19) -> 0 | L19: =IF($K19=0,0,SUMIFS('Carga (PSE)'!$G$8:$G$1007,'Carga (PSE)'!$B$8:$B$1007,$G19)/MAX(1,COUNTIF(Cadastro!$T$7:$T$66,"Ativo"))/$K19) -> 0
A20: =IF($B20="","",ROW()-18) | G20: =IF(OR($D20="",Macrociclo!$C$11=""),0,INT(($D20-Macrociclo!$C$11)/7)+1) -> 0 | K20: =IF(OR($I20="",$J20=""),0,$I20*$J20) -> 0 | L20: =IF($K20=0,0,SUMIFS('Carga (PSE)'!$G$8:$G$1007,'Carga (PSE)'!$B$8:$B$1007,$G20)/MAX(1,COUNTIF(Cadastro!$T$7:$T$66,"Ativo"))/$K20) -> 0
A21: =IF($B21="","",ROW()-18) | G21: =IF(OR($D21="",Macrociclo!$C$11=""),0,INT(($D21-Macrociclo!$C$11)/7)+1) -> 0 | K21: =IF(OR($I21="",$J21=""),0,$I21*$J21) -> 0 | L21: =IF($K21=0,0,SUMIFS('Carga (PSE)'!$G$8:$G$1007,'Carga (PSE)'!$B$8:$B$1007,$G21)/MAX(1,COUNTIF(Cadastro!$T$7:$T$66,"Ativo"))/$K21) -> 0
A22: =IF($B22="","",ROW()-18) | G22: =IF(OR($D22="",Macrociclo!$C$11=""),0,INT(($D22-Macrociclo!$C$11)/7)+1) -> 0 | K22: =IF(OR($I22="",$J22=""),0,$I22*$J22) -> 0 | L22: =IF($K22=0,0,SUMIFS('Carga (PSE)'!$G$8:$G$1007,'Carga (PSE)'!$B$8:$B$1007,$G22)/MAX(1,COUNTIF(Cadastro!$T$7:$T$66,"Ativo"))/$K22) -> 0
A23: =IF($B23="","",ROW()-18) | G23: =IF(OR($D23="",Macrociclo!$C$11=""),0,INT(($D23-Macrociclo!$C$11)/7)+1) -> 0 | K23: =IF(OR($I23="",$J23=""),0,$I23*$J23) -> 0 | L23: =IF($K23=0,0,SUMIFS('Carga (PSE)'!$G$8:$G$1007,'Carga (PSE)'!$B$8:$B$1007,$G23)/MAX(1,COUNTIF(Cadastro!$T$7:$T$66,"Ativo"))/$K23) -> 0
A24: =IF($B24="","",ROW()-18) | G24: =IF(OR($D24="",Macrociclo!$C$11=""),0,INT(($D24-Macrociclo!$C$11)/7)+1) -> 0 | K24: =IF(OR($I24="",$J24=""),0,$I24*$J24) -> 0 | L24: =IF($K24=0,0,SUMIFS('Carga (PSE)'!$G$8:$G$1007,'Carga (PSE)'!$B$8:$B$1007,$G24)/MAX(1,COUNTIF(Cadastro!$T$7:$T$66,"Ativo"))/$K24) -> 0
A25: =IF($B25="","",ROW()-18) | G25: =IF(OR($D25="",Macrociclo!$C$11=""),0,INT(($D25-Macrociclo!$C$11)/7)+1) -> 0 | K25: =IF(OR($I25="",$J25=""),0,$I25*$J25) -> 0 | L25: =IF($K25=0,0,SUMIFS('Carga (PSE)'!$G$8:$G$1007,'Carga (PSE)'!$B$8:$B$1007,$G25)/MAX(1,COUNTIF(Cadastro!$T$7:$T$66,"Ativo"))/$K25) -> 0
A26: =IF($B26="","",ROW()-18) | G26: =IF(OR($D26="",Macrociclo!$C$11=""),0,INT(($D26-Macrociclo!$C$11)/7)+1) -> 0 | K26: =IF(OR($I26="",$J26=""),0,$I26*$J26) -> 0 | L26: =IF($K26=0,0,SUMIFS('Carga (PSE)'!$G$8:$G$1007,'Carga (PSE)'!$B$8:$B$1007,$G26)/MAX(1,COUNTIF(Cadastro!$T$7:$T$66,"Ativo"))/$K26) -> 0
A27: =IF($B27="","",ROW()-18) | G27: =IF(OR($D27="",Macrociclo!$C$11=""),0,INT(($D27-Macrociclo!$C$11)/7)+1) -> 0 | K27: =IF(OR($I27="",$J27=""),0,$I27*$J27) -> 0 | L27: =IF($K27=0,0,SUMIFS('Carga (PSE)'!$G$8:$G$1007,'Carga (PSE)'!$B$8:$B$1007,$G27)/MAX(1,COUNTIF(Cadastro!$T$7:$T$66,"Ativo"))/$K27) -> 0
A28: =IF($B28="","",ROW()-18) | G28: =IF(OR($D28="",Macrociclo!$C$11=""),0,INT(($D28-Macrociclo!$C$11)/7)+1) -> 0 | K28: =IF(OR($I28="",$J28=""),0,$I28*$J28) -> 0 | L28: =IF($K28=0,0,SUMIFS('Carga (PSE)'!$G$8:$G$1007,'Carga (PSE)'!$B$8:$B$1007,$G28)/MAX(1,COUNTIF(Cadastro!$T$7:$T$66,"Ativo"))/$K28) -> 0
A29: =IF($B29="","",ROW()-18) | G29: =IF(OR($D29="",Macrociclo!$C$11=""),0,INT(($D29-Macrociclo!$C$11)/7)+1) -> 0 | K29: =IF(OR($I29="",$J29=""),0,$I29*$J29) -> 0 | L29: =IF($K29=0,0,SUMIFS('Carga (PSE)'!$G$8:$G$1007,'Carga (PSE)'!$B$8:$B$1007,$G29)/MAX(1,COUNTIF(Cadastro!$T$7:$T$66,"Ativo"))/$K29) -> 0
A30: =IF($B30="","",ROW()-18) | G30: =IF(OR($D30="",Macrociclo!$C$11=""),0,INT(($D30-Macrociclo!$C$11)/7)+1) -> 0 | K30: =IF(OR($I30="",$J30=""),0,$I30*$J30) -> 0 | L30: =IF($K30=0,0,SUMIFS('Carga (PSE)'!$G$8:$G$1007,'Carga (PSE)'!$B$8:$B$1007,$G30)/MAX(1,COUNTIF(Cadastro!$T$7:$T$66,"Ativo"))/$K30) -> 0
B32: % Cumprido = carga média por atleta ativo realizada na semana (aba Carga (PSE)) ÷ carga prevista do microciclo. Verde = 90–110% do previsto; amarelo = acima; vermelho = abaixo.

Sheet Microciclo
A1: MICROCICLO — PLANEJAMENTO DA SEMANA
A2: Duas linhas por dia (duas sessões possíveis). As datas e os dias da semana são gerados a partir da Data de Início.
A4: IDENTIFICAÇÃO DO MICROCICLO
A5: Microciclo
A6: Semana nº no Macrociclo
A7: Data de Início (2ª feira) | B7: 46258
A8: Tipo de Microciclo
A9: Objetivo da Semana
A11: SESSÕES DA SEMANA
A12: Dia da Semana | B12: Data | C12: Turno | D12: Tipo de Sessão | E12: Local | F12: Duração (min) | G12: PSE Prevista | H12: Carga Prevista (UA) | I12: Ênfase Técnica | J12: Ênfase Tática | K12: Ênfase Física / Prevenção | L12: Observações
A13: =IF($B13="","",CHOOSE(WEEKDAY($B13,2),"Segunda-feira","Terça-feira","Quarta-feira","Quinta-feira","Sexta-feira","Sábado","Domingo")) -> Segunda-feira | B13: =IF($B$7="","",$B$7+INT((ROW()-13)/2)) -> 46258 | H13: =IF(OR($F13="",$G13=""),0,$F13*$G13) -> 0
A14: =IF($B14="","",CHOOSE(WEEKDAY($B14,2),"Segunda-feira","Terça-feira","Quarta-feira","Quinta-feira","Sexta-feira","Sábado","Domingo")) -> Segunda-feira | B14: =IF($B$7="","",$B$7+INT((ROW()-13)/2)) -> 46258 | H14: =IF(OR($F14="",$G14=""),0,$F14*$G14) -> 0
A15: =IF($B15="","",CHOOSE(WEEKDAY($B15,2),"Segunda-feira","Terça-feira","Quarta-feira","Quinta-feira","Sexta-feira","Sábado","Domingo")) -> Terça-feira | B15: =IF($B$7="","",$B$7+INT((ROW()-13)/2)) -> 46259 | H15: =IF(OR($F15="",$G15=""),0,$F15*$G15) -> 0
A16: =IF($B16="","",CHOOSE(WEEKDAY($B16,2),"Segunda-feira","Terça-feira","Quarta-feira","Quinta-feira","Sexta-feira","Sábado","Domingo")) -> Terça-feira | B16: =IF($B$7="","",$B$7+INT((ROW()-13)/2)) -> 46259 | H16: =IF(OR($F16="",$G16=""),0,$F16*$G16) -> 0
A17: =IF($B17="","",CHOOSE(WEEKDAY($B17,2),"Segunda-feira","Terça-feira","Quarta-feira","Quinta-feira","Sexta-feira","Sábado","Domingo")) -> Quarta-feira | B17: =IF($B$7="","",$B$7+INT((ROW()-13)/2)) -> 46260 | H17: =IF(OR($F17="",$G17=""),0,$F17*$G17) -> 0
A18: =IF($B18="","",CHOOSE(WEEKDAY($B18,2),"Segunda-feira","Terça-feira","Quarta-feira","Quinta-feira","Sexta-feira","Sábado","Domingo")) -> Quarta-feira | B18: =IF($B$7="","",$B$7+INT((ROW()-13)/2)) -> 46260 | H18: =IF(OR($F18="",$G18=""),0,$F18*$G18) -> 0
A19: =IF($B19="","",CHOOSE(WEEKDAY($B19,2),"Segunda-feira","Terça-feira","Quarta-feira","Quinta-feira","Sexta-feira","Sábado","Domingo")) -> Quinta-feira | B19: =IF($B$7="","",$B$7+INT((ROW()-13)/2)) -> 46261 | H19: =IF(OR($F19="",$G19=""),0,$F19*$G19) -> 0
A20: =IF($B20="","",CHOOSE(WEEKDAY($B20,2),"Segunda-feira","Terça-feira","Quarta-feira","Quinta-feira","Sexta-feira","Sábado","Domingo")) -> Quinta-feira | B20: =IF($B$7="","",$B$7+INT((ROW()-13)/2)) -> 46261 | H20: =IF(OR($F20="",$G20=""),0,$F20*$G20) -> 0
A21: =IF($B21="","",CHOOSE(WEEKDAY($B21,2),"Segunda-feira","Terça-feira","Quarta-feira","Quinta-feira","Sexta-feira","Sábado","Domingo")) -> Sexta-feira | B21: =IF($B$7="","",$B$7+INT((ROW()-13)/2)) -> 46262 | H21: =IF(OR($F21="",$G21=""),0,$F21*$G21) -> 0
A22: =IF($B22="","",CHOOSE(WEEKDAY($B22,2),"Segunda-feira","Terça-feira","Quarta-feira","Quinta-feira","Sexta-feira","Sábado","Domingo")) -> Sexta-feira | B22: =IF($B$7="","",$B$7+INT((ROW()-13)/2)) -> 46262 | H22: =IF(OR($F22="",$G22=""),0,$F22*$G22) -> 0
A23: =IF($B23="","",CHOOSE(WEEKDAY($B23,2),"Segunda-feira","Terça-feira","Quarta-feira","Quinta-feira","Sexta-feira","Sábado","Domingo")) -> Sábado | B23: =IF($B$7="","",$B$7+INT((ROW()-13)/2)) -> 46263 | H23: =IF(OR($F23="",$G23=""),0,$F23*$G23) -> 0
A24: =IF($B24="","",CHOOSE(WEEKDAY($B24,2),"Segunda-feira","Terça-feira","Quarta-feira","Quinta-feira","Sexta-feira","Sábado","Domingo")) -> Sábado | B24: =IF($B$7="","",$B$7+INT((ROW()-13)/2)) -> 46263 | H24: =IF(OR($F24="",$G24=""),0,$F24*$G24) -> 0
... A26: =IF($B26="","",CHOOSE(WEEKDAY($B26,2),"Segunda-feira","Terça-feira","Quarta-feira","Quinta-feira","Sexta-feira","Sábado","Domingo")) -> Domingo | B26: =IF($B$7="","",$B$7+INT((ROW()-13)/2)) -> 46264 | H26: =IF(OR($F26="",$G26=""),0,$F26*$G26) -> 0
A27: TOTAL DA SEMANA | F27: =SUM(F13:F26) -> 0 | G27: =IFERROR(AVERAGE(G13:G26),"") | H27: =SUM(H13:H26) -> 0
A29: RESUMO DA SEMANA — PREVISTO × REALIZADO
A30: SESSÕES PLANEJADAS | C30: DURAÇÃO TOTAL (min) | E30: CARGA PREVISTA (UA) | G30: CARGA REALIZADA — MÉDIA/ATLETA (UA) | J30: % DE CUMPRIMENTO DA CARGA
A31: =COUNTA(D13:D26) -> 0 | C31: =SUM(F13:F26) -> 0 | E31: =SUM(H13:H26) -> 0 | G31: =IFERROR(SUMIFS('Carga (PSE)'!$G$8:$G$1007,'Carga (PSE)'!$B$8:$B$1007,$B$6)/MAX(1,COUNTIF(Cadastro!$T$7:$T$66,"Ativo")),0) -> 0 | J31: =IFERROR(G31/H27,0) -> 0
A34: DISTRIBUIÇÃO DE CONTEÚDOS POR DIA (minutos)
A35: Dia | B35: Técnico | C35: Tático | D35: Físico | E35: Preventivo / Prevenção | F35: Recuperação | G35: Total (min) | H35: % da Semana
A36: =IF($A13="","",$A13) -> Segunda-feira | G36: =SUM(B36:F36) -> 0 | H36: =IFERROR($G36/$G$43,0) -> 0
A37: =IF($A15="","",$A15) -> Terça-feira | G37: =SUM(B37:F37) -> 0 | H37: =IFERROR($G37/$G$43,0) -> 0
A38: =IF($A17="","",$A17) -> Quarta-feira | G38: =SUM(B38:F38) -> 0 | H38: =IFERROR($G38/$G$43,0) -> 0
A39: =IF($A19="","",$A19) -> Quinta-feira | G39: =SUM(B39:F39) -> 0 | H39: =IFERROR($G39/$G$43,0) -> 0
A40: =IF($A21="","",$A21) -> Sexta-feira | G40: =SUM(B40:F40) -> 0 | H40: =IFERROR($G40/$G$43,0) -> 0
A41: =IF($A23="","",$A23) -> Sábado | G41: =SUM(B41:F41) -> 0 | H41: =IFERROR($G41/$G$43,0) -> 0
A42: =IF($A25="","",$A25) -> Domingo | G42: =SUM(B42:F42) -> 0 | H42: =IFERROR($G42/$G$43,0) -> 0
A43: TOTAL | B43: =SUM(B36:B42) -> 0 | C43: =SUM(C36:C42) -> 0 | D43: =SUM(D36:D42) -> 0 | E43: =SUM(E36:E42) -> 0 | F43: =SUM(F36:F42) -> 0 | G43: =SUM(G36:G42) -> 0 | H43: =IFERROR(SUM(H36:H42),0) -> 0

Sheet Prescrição
A1: PRESCRIÇÃO DO TREINO
A2: Uma linha por exercício prescrito. Escolha o exercício no menu (vem da aba Exercícios) e defina o destinatário: 'Equipe (todos)' ou o nome de um atleta — é assim que o treino chega à Área do Atleta.
A3: RESUMO DA SESSÃO SELECIONADA
A4: Data: | B4: 46265 | E4: EXERCÍCIOS PRESCRITOS | G4: DURAÇÃO TOTAL (min) | I4: CARGA PREVISTA (UA) | K4: PSE MÉDIA PREVISTA | M4: MIN. TÉCNICO | O4: MIN. TÁTICO | Q4: MIN. FÍSICO | S4: MIN. PREVENTIVO
E5: =COUNTIFS($A$8:$A$507,$B$4) -> 0 | G5: =SUMIFS($O$8:$O$507,$A$8:$A$507,$B$4) -> 0 | I5: =SUMIFS($R$8:$R$507,$A$8:$A$507,$B$4) -> 0 | K5: =IFERROR(AVERAGEIFS($P$8:$P$507,$A$8:$A$507,$B$4),0) -> 0 | M5: =SUMIFS($O$8:$O$507,$A$8:$A$507,$B$4,$H$8:$H$507,"Técnico") -> 0 | O5: =SUMIFS($O$8:$O$507,$A$8:$A$507,$B$4,$H$8:$H$507,"Tático") -> 0 | Q5: =SUMIFS($O$8:$O$507,$A$8:$A$507,$B$4,$H$8:$H$507,"Físico") -> 0 | S5: =SUMIFS($O$8:$O$507,$A$8:$A$507,$B$4,$H$8:$H$507,"Preventivo/Compensatório") -> 0
A6: Digite a data em B4 para ver o resumo das sessões daquele dia. Séries × Repetições geram o Volume; Duração × PSE Prevista geram a Carga Prevista em UA (unidades arbitrárias).
A7: Data | B7: Semana | C7: Sessão | D7: Turno | E7: Destinatário | F7: Bloco | G7: Exercício | H7: Categoria | I7: Fundamento | J7: Capacidade Física | K7: Séries | L7: Repetições / Tempo | M7: Carga / Intensidade | N7: Pausa (s) | O7: Duração (min) | P7: PSE Prev. | Q7: Volume | R7: Carga Prev. (UA) | S7: Progressão / Critério | T7: Observações | U7: Índ.
B8: =IF($A8="",0,INT(($A8-Macrociclo!$C$11)/7)+1) -> 0 | H8: =IFERROR(INDEX(Exercícios!$C$7:$C$206,MATCH($G8,Exercícios!$B$7:$B$206,0)),"") | I8: =IFERROR(INDEX(Exercícios!$D$7:$D$206,MATCH($G8,Exercícios!$B$7:$B$206,0)),"") | J8: =IFERROR(INDEX(Exercícios!$E$7:$E$206,MATCH($G8,Exercícios!$B$7:$B$206,0)),"") | Q8: =IFERROR($K8*$L8,"") -> 0 | R8: =IF(OR($O8="",$P8=""),0,$O8*$P8) -> 0 | U8: =IF($A8="",0,IF(AND(OR($E8=Atleta!$C$4,$E8="Equipe (todos)"),$A8>=Atleta!$C$5),MAX($U$7:U7)+1,0)) -> 0
B9: =IF($A9="",0,INT(($A9-Macrociclo!$C$11)/7)+1) -> 0 | H9: =IFERROR(INDEX(Exercícios!$C$7:$C$206,MATCH($G9,Exercícios!$B$7:$B$206,0)),"") | I9: =IFERROR(INDEX(Exercícios!$D$7:$D$206,MATCH($G9,Exercícios!$B$7:$B$206,0)),"") | J9: =IFERROR(INDEX(Exercícios!$E$7:$E$206,MATCH($G9,Exercícios!$B$7:$B$206,0)),"") | Q9: =IFERROR($K9*$L9,"") -> 0 | R9: =IF(OR($O9="",$P9=""),0,$O9*$P9) -> 0 | U9: =IF($A9="",0,IF(AND(OR($E9=Atleta!$C$4,$E9="Equipe (todos)"),$A9>=Atleta!$C$5),MAX($U$7:U8)+1,0)) -> 0
B10: =IF($A10="",0,INT(($A10-Macrociclo!$C$11)/7)+1) -> 0 | H10: =IFERROR(INDEX(Exercícios!$C$7:$C$206,MATCH($G10,Exercícios!$B$7:$B$206,0)),"") | I10: =IFERROR(INDEX(Exercícios!$D$7:$D$206,MATCH($G10,Exercícios!$B$7:$B$206,0)),"") | J10: =IFERROR(INDEX(Exercícios!$E$7:$E$206,MATCH($G10,Exercícios!$B$7:$B$206,0)),"") | Q10: =IFERROR($K10*$L10,"") -> 0 | R10: =IF(OR($O10="",$P10=""),0,$O10*$P10) -> 0 | U10: =IF($A10="",0,IF(AND(OR($E10=Atleta!$C$4,$E10="Equipe (todos)"),$A10>=Atleta!$C$5),MAX($U$7:U9)+1,0)) -> 0
B11: =IF($A11="",0,INT(($A11-Macrociclo!$C$11)/7)+1) -> 0 | H11: =IFERROR(INDEX(Exercícios!$C$7:$C$206,MATCH($G11,Exercícios!$B$7:$B$206,0)),"") | I11: =IFERROR(INDEX(Exercícios!$D$7:$D$206,MATCH($G11,Exercícios!$B$7:$B$206,0)),"") | J11: =IFERROR(INDEX(Exercícios!$E$7:$E$206,MATCH($G11,Exercícios!$B$7:$B$206,0)),"") | Q11: =IFERROR($K11*$L11,"") -> 0 | R11: =IF(OR($O11="",$P11=""),0,$O11*$P11) -> 0 | U11: =IF($A11="",0,IF(AND(OR($E11=Atleta!$C$4,$E11="Equipe (todos)"),$A11>=Atleta!$C$5),MAX($U$7:U10)+1,0)) -> 0
B12: =IF($A12="",0,INT(($A12-Macrociclo!$C$11)/7)+1) -> 0 | H12: =IFERROR(INDEX(Exercícios!$C$7:$C$206,MATCH($G12,Exercícios!$B$7:$B$206,0)),"") | I12: =IFERROR(INDEX(Exercícios!$D$7:$D$206,MATCH($G12,Exercícios!$B$7:$B$206,0)),"") | J12: =IFERROR(INDEX(Exercícios!$E$7:$E$206,MATCH($G12,Exercícios!$B$7:$B$206,0)),"") | Q12: =IFERROR($K12*$L12,"") -> 0 | R12: =IF(OR($O12="",$P12=""),0,$O12*$P12) -> 0 | U12: =IF($A12="",0,IF(AND(OR($E12=Atleta!$C$4,$E12="Equipe (todos)"),$A12>=Atleta!$C$5),MAX($U$7:U11)+1,0)) -> 0
B13: =IF($A13="",0,INT(($A13-Macrociclo!$C$11)/7)+1) -> 0 | H13: =IFERROR(INDEX(Exercícios!$C$7:$C$206,MATCH($G13,Exercícios!$B$7:$B$206,0)),"") | I13: =IFERROR(INDEX(Exercícios!$D$7:$D$206,MATCH($G13,Exercícios!$B$7:$B$206,0)),"") | J13: =IFERROR(INDEX(Exercícios!$E$7:$E$206,MATCH($G13,Exercícios!$B$7:$B$206,0)),"") | Q13: =IFERROR($K13*$L13,"") -> 0 | R13: =IF(OR($O13="",$P13=""),0,$O13*$P13) -> 0 | U13: =IF($A13="",0,IF(AND(OR($E13=Atleta!$C$4,$E13="Equipe (todos)"),$A13>=Atleta!$C$5),MAX($U$7:U12)+1,0)) -> 0
B14: =IF($A14="",0,INT(($A14-Macrociclo!$C$11)/7)+1) -> 0 | H14: =IFERROR(INDEX(Exercícios!$C$7:$C$206,MATCH($G14,Exercícios!$B$7:$B$206,0)),"") | I14: =IFERROR(INDEX(Exercícios!$D$7:$D$206,MATCH($G14,Exercícios!$B$7:$B$206,0)),"") | J14: =IFERROR(INDEX(Exercícios!$E$7:$E$206,MATCH($G14,Exercícios!$B$7:$B$206,0)),"") | Q14: =IFERROR($K14*$L14,"") -> 0 | R14: =IF(OR($O14="",$P14=""),0,$O14*$P14) -> 0 | U14: =IF($A14="",0,IF(AND(OR($E14=Atleta!$C$4,$E14="Equipe (todos)"),$A14>=Atleta!$C$5),MAX($U$7:U13)+1,0)) -> 0
B15: =IF($A15="",0,INT(($A15-Macrociclo!$C$11)/7)+1) -> 0 | H15: =IFERROR(INDEX(Exercícios!$C$7:$C$206,MATCH($G15,Exercícios!$B$7:$B$206,0)),"") | I15: =IFERROR(INDEX(Exercícios!$D$7:$D$206,MATCH($G15,Exercícios!$B$7:$B$206,0)),"") | J15: =IFERROR(INDEX(Exercícios!$E$7:$E$206,MATCH($G15,Exercícios!$B$7:$B$206,0)),"") | Q15: =IFERROR($K15*$L15,"") -> 0 | R15: =IF(OR($O15="",$P15=""),0,$O15*$P15) -> 0 | U15: =IF($A15="",0,IF(AND(OR($E15=Atleta!$C$4,$E15="Equipe (todos)"),$A15>=Atleta!$C$5),MAX($U$7:U14)+1,0)) -> 0
B16: =IF($A16="",0,INT(($A16-Macrociclo!$C$11)/7)+1) -> 0 | H16: =IFERROR(INDEX(Exercícios!$C$7:$C$206,MATCH($G16,Exercícios!$B$7:$B$206,0)),"") | I16: =IFERROR(INDEX(Exercícios!$D$7:$D$206,MATCH($G16,Exercícios!$B$7:$B$206,0)),"") | J16: =IFERROR(INDEX(Exercícios!$E$7:$E$206,MATCH($G16,Exercícios!$B$7:$B$206,0)),"") | Q16: =IFERROR($K16*$L16,"") -> 0 | R16: =IF(OR($O16="",$P16=""),0,$O16*$P16) -> 0 | U16: =IF($A16="",0,IF(AND(OR($E16=Atleta!$C$4,$E16="Equipe (todos)"),$A16>=Atleta!$C$5),MAX($U$7:U15)+1,0)) -> 0
B17: =IF($A17="",0,INT(($A17-Macrociclo!$C$11)/7)+1) -> 0 | H17: =IFERROR(INDEX(Exercícios!$C$7:$C$206,MATCH($G17,Exercícios!$B$7:$B$206,0)),"") | I17: =IFERROR(INDEX(Exercícios!$D$7:$D$206,MATCH($G17,Exercícios!$B$7:$B$206,0)),"") | J17: =IFERROR(INDEX(Exercícios!$E$7:$E$206,MATCH($G17,Exercícios!$B$7:$B$206,0)),"") | Q17: =IFERROR($K17*$L17,"") -> 0 | R17: =IF(OR($O17="",$P17=""),0,$O17*$P17) -> 0 | U17: =IF($A17="",0,IF(AND(OR($E17=Atleta!$C$4,$E17="Equipe (todos)"),$A17>=Atleta!$C$5),MAX($U$7:U16)+1,0)) -> 0
B18: =IF($A18="",0,INT(($A18-Macrociclo!$C$11)/7)+1) -> 0 | H18: =IFERROR(INDEX(Exercícios!$C$7:$C$206,MATCH($G18,Exercícios!$B$7:$B$206,0)),"") | I18: =IFERROR(INDEX(Exercícios!$D$7:$D$206,MATCH($G18,Exercícios!$B$7:$B$206,0)),"") | J18: =IFERROR(INDEX(Exercícios!$E$7:$E$206,MATCH($G18,Exercícios!$B$7:$B$206,0)),"") | Q18: =IFERROR($K18*$L18,"") -> 0 | R18: =IF(OR($O18="",$P18=""),0,$O18*$P18) -> 0 | U18: =IF($A18="",0,IF(AND(OR($E18=Atleta!$C$4,$E18="Equipe (todos)"),$A18>=Atleta!$C$5),MAX($U$7:U17)+1,0)) -> 0
B19: =IF($A19="",0,INT(($A19-Macrociclo!$C$11)/7)+1) -> 0 | H19: =IFERROR(INDEX(Exercícios!$C$7:$C$206,MATCH($G19,Exercícios!$B$7:$B$206,0)),"") | I19: =IFERROR(INDEX(Exercícios!$D$7:$D$206,MATCH($G19,Exercícios!$B$7:$B$206,0)),"") | J19: =IFERROR(INDEX(Exercícios!$E$7:$E$206,MATCH($G19,Exercícios!$B$7:$B$206,0)),"") | Q19: =IFERROR($K19*$L19,"") -> 0 | R19: =IF(OR($O19="",$P19=""),0,$O19*$P19) -> 0 | U19: =IF($A19="",0,IF(AND(OR($E19=Atleta!$C$4,$E19="Equipe (todos)"),$A19>=Atleta!$C$5),MAX($U$7:U18)+1,0)) -> 0
... B507: =IF($A507="",0,INT(($A507-Macrociclo!$C$11)/7)+1) -> 0 | H507: =IFERROR(INDEX(Exercícios!$C$7:$C$206,MATCH($G507,Exercícios!$B$7:$B$206,0)),"") | I507: =IFERROR(INDEX(Exercícios!$D$7:$D$206,MATCH($G507,Exercícios!$B$7:$B$206,0)),"") | J507: =IFERROR(INDEX(Exercícios!$E$7:$E$206,MATCH($G507,Exercícios!$B$7:$B$206,0)),"") | Q507: =IFERROR($K507*$L507,"") -> 0 | R507: =IF(OR($O507="",$P507=""),0,$O507*$P507) -> 0 | U507: =IF($A507="",0,IF(AND(OR($E507=Atleta!$C$4,$E507="Equipe (todos)"),$A507>=Atleta!$C$5),MAX($U$7:U506)+1,0)) -> 0

Sheet Carga (PSE)
A1: CONTROLE DE CARGA INTERNA — MÉTODO DA PSE DA SESSÃO
A2: Registre duração e PSE (0–10, coletada ~30 min após o treino). Carga, aguda, crônica, ACWR e zona de risco são automáticos.
A4: Carga (UA) = Duração × PSE • ACWR = Carga Aguda (7 d) ÷ Carga Crônica (média semanal dos 28 d). Faixas: < 0,80 subcarga | 0,80–1,30 zona ideal | 1,31–1,50 atenção | > 1,50 risco elevado. A Zona só é classificada após 21 dias de registros do atleta — antes disso aparece 'Histórico insuficiente'.
A7: Data | B7: Semana | C7: Atleta | D7: Tipo de Sessão | E7: Duração (min) | F7: PSE (0-10) | G7: Carga (UA) | H7: Carga Aguda 7 d | I7: Carga Crônica 28 d | J7: ACWR | K7: Dias de Histórico | L7: Zona / Alerta | M7: Observações
B8: =IF($A8="",0,INT(($A8-Macrociclo!$C$11)/7)+1) -> 0 | G8: =IF(OR($E8="",$F8=""),0,$E8*$F8) -> 0 | H8: =IF($A8="",0,SUMIFS($G$8:$G$1007,$C$8:$C$1007,$C8,$A$8:$A$1007,">="&$A8-6,$A$8:$A$1007,"<="&$A8)) -> 0 | I8: =IF($A8="",0,SUMIFS($G$8:$G$1007,$C$8:$C$1007,$C8,$A$8:$A$1007,">="&$A8-27,$A$8:$A$1007,"<="&$A8)/4) -> 0 | J8: =IF(OR($A8="",$I8=0),0,$H8/$I8) -> 0 | K8: =IF($A8="",0,$A8-SUMPRODUCT(MIN(($C$8:$C$1007=$C8)*$A$8:$A$1007+($C$8:$C$1007<>$C8)*100000))+1) -> 0 | L8: =IF($A8="","",IF($J8=0,"Sem registro anterior",IF($K8<21,"Histórico insuficiente",IF($J8<0.8,"Subcarga",IF($J8<=1.3,"Zona ideal",IF($J8<=1.5,"Atenção","Risco elevado"))))))
B9: =IF($A9="",0,INT(($A9-Macrociclo!$C$11)/7)+1) -> 0 | G9: =IF(OR($E9="",$F9=""),0,$E9*$F9) -> 0 | H9: =IF($A9="",0,SUMIFS($G$8:$G$1007,$C$8:$C$1007,$C9,$A$8:$A$1007,">="&$A9-6,$A$8:$A$1007,"<="&$A9)) -> 0 | I9: =IF($A9="",0,SUMIFS($G$8:$G$1007,$C$8:$C$1007,$C9,$A$8:$A$1007,">="&$A9-27,$A$8:$A$1007,"<="&$A9)/4) -> 0 | J9: =IF(OR($A9="",$I9=0),0,$H9/$I9) -> 0 | K9: =IF($A9="",0,$A9-SUMPRODUCT(MIN(($C$8:$C$1007=$C9)*$A$8:$A$1007+($C$8:$C$1007<>$C9)*100000))+1) -> 0 | L9: =IF($A9="","",IF($J9=0,"Sem registro anterior",IF($K9<21,"Histórico insuficiente",IF($J9<0.8,"Subcarga",IF($J9<=1.3,"Zona ideal",IF($J9<=1.5,"Atenção","Risco elevado"))))))
B10: =IF($A10="",0,INT(($A10-Macrociclo!$C$11)/7)+1) -> 0 | G10: =IF(OR($E10="",$F10=""),0,$E10*$F10) -> 0 | H10: =IF($A10="",0,SUMIFS($G$8:$G$1007,$C$8:$C$1007,$C10,$A$8:$A$1007,">="&$A10-6,$A$8:$A$1007,"<="&$A10)) -> 0 | I10: =IF($A10="",0,SUMIFS($G$8:$G$1007,$C$8:$C$1007,$C10,$A$8:$A$1007,">="&$A10-27,$A$8:$A$1007,"<="&$A10)/4) -> 0 | J10: =IF(OR($A10="",$I10=0),0,$H10/$I10) -> 0 | K10: =IF($A10="",0,$A10-SUMPRODUCT(MIN(($C$8:$C$1007=$C10)*$A$8:$A$1007+($C$8:$C$1007<>$C10)*100000))+1) -> 0 | L10: =IF($A10="","",IF($J10=0,"Sem registro anterior",IF($K10<21,"Histórico insuficiente",IF($J10<0.8,"Subcarga",IF($J10<=1.3,"Zona ideal",IF($J10<=1.5,"Atenção","Risco elevado"))))))
B11: =IF($A11="",0,INT(($A11-Macrociclo!$C$11)/7)+1) -> 0 | G11: =IF(OR($E11="",$F11=""),0,$E11*$F11) -> 0 | H11: =IF($A11="",0,SUMIFS($G$8:$G$1007,$C$8:$C$1007,$C11,$A$8:$A$1007,">="&$A11-6,$A$8:$A$1007,"<="&$A11)) -> 0 | I11: =IF($A11="",0,SUMIFS($G$8:$G$1007,$C$8:$C$1007,$C11,$A$8:$A$1007,">="&$A11-27,$A$8:$A$1007,"<="&$A11)/4) -> 0 | J11: =IF(OR($A11="",$I11=0),0,$H11/$I11) -> 0 | K11: =IF($A11="",0,$A11-SUMPRODUCT(MIN(($C$8:$C$1007=$C11)*$A$8:$A$1007+($C$8:$C$1007<>$C11)*100000))+1) -> 0 | L11: =IF($A11="","",IF($J11=0,"Sem registro anterior",IF($K11<21,"Histórico insuficiente",IF($J11<0.8,"Subcarga",IF($J11<=1.3,"Zona ideal",IF($J11<=1.5,"Atenção","Risco elevado"))))))
B12: =IF($A12="",0,INT(($A12-Macrociclo!$C$11)/7)+1) -> 0 | G12: =IF(OR($E12="",$F12=""),0,$E12*$F12) -> 0 | H12: =IF($A12="",0,SUMIFS($G$8:$G$1007,$C$8:$C$1007,$C12,$A$8:$A$1007,">="&$A12-6,$A$8:$A$1007,"<="&$A12)) -> 0 | I12: =IF($A12="",0,SUMIFS($G$8:$G$1007,$C$8:$C$1007,$C12,$A$8:$A$1007,">="&$A12-27,$A$8:$A$1007,"<="&$A12)/4) -> 0 | J12: =IF(OR($A12="",$I12=0),0,$H12/$I12) -> 0 | K12: =IF($A12="",0,$A12-SUMPRODUCT(MIN(($C$8:$C$1007=$C12)*$A$8:$A$1007+($C$8:$C$1007<>$C12)*100000))+1) -> 0 | L12: =IF($A12="","",IF($J12=0,"Sem registro anterior",IF($K12<21,"Histórico insuficiente",IF($J12<0.8,"Subcarga",IF($J12<=1.3,"Zona ideal",IF($J12<=1.5,"Atenção","Risco elevado"))))))
B13: =IF($A13="",0,INT(($A13-Macrociclo!$C$11)/7)+1) -> 0 | G13: =IF(OR($E13="",$F13=""),0,$E13*$F13) -> 0 | H13: =IF($A13="",0,SUMIFS($G$8:$G$1007,$C$8:$C$1007,$C13,$A$8:$A$1007,">="&$A13-6,$A$8:$A$1007,"<="&$A13)) -> 0 | I13: =IF($A13="",0,SUMIFS($G$8:$G$1007,$C$8:$C$1007,$C13,$A$8:$A$1007,">="&$A13-27,$A$8:$A$1007,"<="&$A13)/4) -> 0 | J13: =IF(OR($A13="",$I13=0),0,$H13/$I13) -> 0 | K13: =IF($A13="",0,$A13-SUMPRODUCT(MIN(($C$8:$C$1007=$C13)*$A$8:$A$1007+($C$8:$C$1007<>$C13)*100000))+1) -> 0 | L13: =IF($A13="","",IF($J13=0,"Sem registro anterior",IF($K13<21,"Histórico insuficiente",IF($J13<0.8,"Subcarga",IF($J13<=1.3,"Zona ideal",IF($J13<=1.5,"Atenção","Risco elevado"))))))
B14: =IF($A14="",0,INT(($A14-Macrociclo!$C$11)/7)+1) -> 0 | G14: =IF(OR($E14="",$F14=""),0,$E14*$F14) -> 0 | H14: =IF($A14="",0,SUMIFS($G$8:$G$1007,$C$8:$C$1007,$C14,$A$8:$A$1007,">="&$A14-6,$A$8:$A$1007,"<="&$A14)) -> 0 | I14: =IF($A14="",0,SUMIFS($G$8:$G$1007,$C$8:$C$1007,$C14,$A$8:$A$1007,">="&$A14-27,$A$8:$A$1007,"<="&$A14)/4) -> 0 | J14: =IF(OR($A14="",$I14=0),0,$H14/$I14) -> 0 | K14: =IF($A14="",0,$A14-SUMPRODUCT(MIN(($C$8:$C$1007=$C14)*$A$8:$A$1007+($C$8:$C$1007<>$C14)*100000))+1) -> 0 | L14: =IF($A14="","",IF($J14=0,"Sem registro anterior",IF($K14<21,"Histórico insuficiente",IF($J14<0.8,"Subcarga",IF($J14<=1.3,"Zona ideal",IF($J14<=1.5,"Atenção","Risco elevado"))))))
B15: =IF($A15="",0,INT(($A15-Macrociclo!$C$11)/7)+1) -> 0 | G15: =IF(OR($E15="",$F15=""),0,$E15*$F15) -> 0 | H15: =IF($A15="",0,SUMIFS($G$8:$G$1007,$C$8:$C$1007,$C15,$A$8:$A$1007,">="&$A15-6,$A$8:$A$1007,"<="&$A15)) -> 0 | I15: =IF($A15="",0,SUMIFS($G$8:$G$1007,$C$8:$C$1007,$C15,$A$8:$A$1007,">="&$A15-27,$A$8:$A$1007,"<="&$A15)/4) -> 0 | J15: =IF(OR($A15="",$I15=0),0,$H15/$I15) -> 0 | K15: =IF($A15="",0,$A15-SUMPRODUCT(MIN(($C$8:$C$1007=$C15)*$A$8:$A$1007+($C$8:$C$1007<>$C15)*100000))+1) -> 0 | L15: =IF($A15="","",IF($J15=0,"Sem registro anterior",IF($K15<21,"Histórico insuficiente",IF($J15<0.8,"Subcarga",IF($J15<=1.3,"Zona ideal",IF($J15<=1.5,"Atenção","Risco elevado"))))))
B16: =IF($A16="",0,INT(($A16-Macrociclo!$C$11)/7)+1) -> 0 | G16: =IF(OR($E16="",$F16=""),0,$E16*$F16) -> 0 | H16: =IF($A16="",0,SUMIFS($G$8:$G$1007,$C$8:$C$1007,$C16,$A$8:$A$1007,">="&$A16-6,$A$8:$A$1007,"<="&$A16)) -> 0 | I16: =IF($A16="",0,SUMIFS($G$8:$G$1007,$C$8:$C$1007,$C16,$A$8:$A$1007,">="&$A16-27,$A$8:$A$1007,"<="&$A16)/4) -> 0 | J16: =IF(OR($A16="",$I16=0),0,$H16/$I16) -> 0 | K16: =IF($A16="",0,$A16-SUMPRODUCT(MIN(($C$8:$C$1007=$C16)*$A$8:$A$1007+($C$8:$C$1007<>$C16)*100000))+1) -> 0 | L16: =IF($A16="","",IF($J16=0,"Sem registro anterior",IF($K16<21,"Histórico insuficiente",IF($J16<0.8,"Subcarga",IF($J16<=1.3,"Zona ideal",IF($J16<=1.5,"Atenção","Risco elevado"))))))
B17: =IF($A17="",0,INT(($A17-Macrociclo!$C$11)/7)+1) -> 0 | G17: =IF(OR($E17="",$F17=""),0,$E17*$F17) -> 0 | H17: =IF($A17="",0,SUMIFS($G$8:$G$1007,$C$8:$C$1007,$C17,$A$8:$A$1007,">="&$A17-6,$A$8:$A$1007,"<="&$A17)) -> 0 | I17: =IF($A17="",0,SUMIFS($G$8:$G$1007,$C$8:$C$1007,$C17,$A$8:$A$1007,">="&$A17-27,$A$8:$A$1007,"<="&$A17)/4) -> 0 | J17: =IF(OR($A17="",$I17=0),0,$H17/$I17) -> 0 | K17: =IF($A17="",0,$A17-SUMPRODUCT(MIN(($C$8:$C$1007=$C17)*$A$8:$A$1007+($C$8:$C$1007<>$C17)*100000))+1) -> 0 | L17: =IF($A17="","",IF($J17=0,"Sem registro anterior",IF($K17<21,"Histórico insuficiente",IF($J17<0.8,"Subcarga",IF($J17<=1.3,"Zona ideal",IF($J17<=1.5,"Atenção","Risco elevado"))))))
B18: =IF($A18="",0,INT(($A18-Macrociclo!$C$11)/7)+1) -> 0 | G18: =IF(OR($E18="",$F18=""),0,$E18*$F18) -> 0 | H18: =IF($A18="",0,SUMIFS($G$8:$G$1007,$C$8:$C$1007,$C18,$A$8:$A$1007,">="&$A18-6,$A$8:$A$1007,"<="&$A18)) -> 0 | I18: =IF($A18="",0,SUMIFS($G$8:$G$1007,$C$8:$C$1007,$C18,$A$8:$A$1007,">="&$A18-27,$A$8:$A$1007,"<="&$A18)/4) -> 0 | J18: =IF(OR($A18="",$I18=0),0,$H18/$I18) -> 0 | K18: =IF($A18="",0,$A18-SUMPRODUCT(MIN(($C$8:$C$1007=$C18)*$A$8:$A$1007+($C$8:$C$1007<>$C18)*100000))+1) -> 0 | L18: =IF($A18="","",IF($J18=0,"Sem registro anterior",IF($K18<21,"Histórico insuficiente",IF($J18<0.8,"Subcarga",IF($J18<=1.3,"Zona ideal",IF($J18<=1.5,"Atenção","Risco elevado"))))))
B19: =IF($A19="",0,INT(($A19-Macrociclo!$C$11)/7)+1) -> 0 | G19: =IF(OR($E19="",$F19=""),0,$E19*$F19) -> 0 | H19: =IF($A19="",0,SUMIFS($G$8:$G$1007,$C$8:$C$1007,$C19,$A$8:$A$1007,">="&$A19-6,$A$8:$A$1007,"<="&$A19)) -> 0 | I19: =IF($A19="",0,SUMIFS($G$8:$G$1007,$C$8:$C$1007,$C19,$A$8:$A$1007,">="&$A19-27,$A$8:$A$1007,"<="&$A19)/4) -> 0 | J19: =IF(OR($A19="",$I19=0),0,$H19/$I19) -> 0 | K19: =IF($A19="",0,$A19-SUMPRODUCT(MIN(($C$8:$C$1007=$C19)*$A$8:$A$1007+($C$8:$C$1007<>$C19)*100000))+1) -> 0 | L19: =IF($A19="","",IF($J19=0,"Sem registro anterior",IF($K19<21,"Histórico insuficiente",IF($J19<0.8,"Subcarga",IF($J19<=1.3,"Zona ideal",IF($J19<=1.5,"Atenção","Risco elevado"))))))
... B1007: =IF($A1007="",0,INT(($A1007-Macrociclo!$C$11)/7)+1) -> 0 | G1007: =IF(OR($E1007="",$F1007=""),0,$E1007*$F1007) -> 0 | H1007: =IF($A1007="",0,SUMIFS($G$8:$G$1007,$C$8:$C$1007,$C1007,$A$8:$A$1007,">="&$A1007-6,$A$8:$A$1007,"<="&$A1007)) -> 0 | I1007: =IF($A1007="",0,SUMIFS($G$8:$G$1007,$C$8:$C$1007,$C1007,$A$8:$A$1007,">="&$A1007-27,$A$8:$A$1007,"<="&$A1007)/4) -> 0 | J1007: =IF(OR($A1007="",$I1007=0),0,$H1007/$I1007) -> 0 | K1007: =IF($A1007="",0,$A1007-SUMPRODUCT(MIN(($C$8:$C$1007=$C1007)*$A$8:$A$1007+($C$8:$C$1007<>$C1007)*100000))+1) -> 0 | L1007: =IF($A1007="","",IF($J1007=0,"Sem registro anterior",IF($K1007<21,"Histórico insuficiente",IF($J1007<0.8,"Subcarga",IF($J1007<=1.3,"Zona ideal",IF($J1007<=1.5,"Atenção","Risco elevado"))))))

Sheet Wellness
A1: WELLNESS DIÁRIO — ÍNDICE DE HOOPER
A2: Cada item de 1 (muito bom / ausente) a 7 (muito ruim / máxima). Soma de 4 a 28 — QUANTO MAIOR, PIOR. Aplicar antes do treino.
A4: Classificação: 4–8 Ótimo | 9–12 Bom | 13–16 Regular | 17–20 Alerta | 21–28 Crítico. Referência: Hooper & Mackinnon (1995). Pontuações em Alerta/Crítico por 2 dias seguidos pedem conversa com o atleta e eventual ajuste da carga do dia.
A7: Data | B7: Semana | C7: Atleta | D7: Qualidade do Sono (1-7) | E7: Estresse (1-7) | F7: Fadiga (1-7) | G7: Dor Muscular (1-7) | H7: Índice de Hooper | I7: Classificação | J7: Local da Dor / Queixa | K7: Observações
B8: =IF($A8="",0,INT(($A8-Macrociclo!$C$11)/7)+1) -> 0 | H8: =IF(COUNT($D8:$G8)<4,0,SUM($D8:$G8)) -> 0 | I8: =IF($H8=0,"",IF($H8<=8,"Ótimo",IF($H8<=12,"Bom",IF($H8<=16,"Regular",IF($H8<=20,"Alerta","Crítico")))))
B9: =IF($A9="",0,INT(($A9-Macrociclo!$C$11)/7)+1) -> 0 | H9: =IF(COUNT($D9:$G9)<4,0,SUM($D9:$G9)) -> 0 | I9: =IF($H9=0,"",IF($H9<=8,"Ótimo",IF($H9<=12,"Bom",IF($H9<=16,"Regular",IF($H9<=20,"Alerta","Crítico")))))
B10: =IF($A10="",0,INT(($A10-Macrociclo!$C$11)/7)+1) -> 0 | H10: =IF(COUNT($D10:$G10)<4,0,SUM($D10:$G10)) -> 0 | I10: =IF($H10=0,"",IF($H10<=8,"Ótimo",IF($H10<=12,"Bom",IF($H10<=16,"Regular",IF($H10<=20,"Alerta","Crítico")))))
B11: =IF($A11="",0,INT(($A11-Macrociclo!$C$11)/7)+1) -> 0 | H11: =IF(COUNT($D11:$G11)<4,0,SUM($D11:$G11)) -> 0 | I11: =IF($H11=0,"",IF($H11<=8,"Ótimo",IF($H11<=12,"Bom",IF($H11<=16,"Regular",IF($H11<=20,"Alerta","Crítico")))))
B12: =IF($A12="",0,INT(($A12-Macrociclo!$C$11)/7)+1) -> 0 | H12: =IF(COUNT($D12:$G12)<4,0,SUM($D12:$G12)) -> 0 | I12: =IF($H12=0,"",IF($H12<=8,"Ótimo",IF($H12<=12,"Bom",IF($H12<=16,"Regular",IF($H12<=20,"Alerta","Crítico")))))
B13: =IF($A13="",0,INT(($A13-Macrociclo!$C$11)/7)+1) -> 0 | H13: =IF(COUNT($D13:$G13)<4,0,SUM($D13:$G13)) -> 0 | I13: =IF($H13=0,"",IF($H13<=8,"Ótimo",IF($H13<=12,"Bom",IF($H13<=16,"Regular",IF($H13<=20,"Alerta","Crítico")))))
B14: =IF($A14="",0,INT(($A14-Macrociclo!$C$11)/7)+1) -> 0 | H14: =IF(COUNT($D14:$G14)<4,0,SUM($D14:$G14)) -> 0 | I14: =IF($H14=0,"",IF($H14<=8,"Ótimo",IF($H14<=12,"Bom",IF($H14<=16,"Regular",IF($H14<=20,"Alerta","Crítico")))))
B15: =IF($A15="",0,INT(($A15-Macrociclo!$C$11)/7)+1) -> 0 | H15: =IF(COUNT($D15:$G15)<4,0,SUM($D15:$G15)) -> 0 | I15: =IF($H15=0,"",IF($H15<=8,"Ótimo",IF($H15<=12,"Bom",IF($H15<=16,"Regular",IF($H15<=20,"Alerta","Crítico")))))
B16: =IF($A16="",0,INT(($A16-Macrociclo!$C$11)/7)+1) -> 0 | H16: =IF(COUNT($D16:$G16)<4,0,SUM($D16:$G16)) -> 0 | I16: =IF($H16=0,"",IF($H16<=8,"Ótimo",IF($H16<=12,"Bom",IF($H16<=16,"Regular",IF($H16<=20,"Alerta","Crítico")))))
B17: =IF($A17="",0,INT(($A17-Macrociclo!$C$11)/7)+1) -> 0 | H17: =IF(COUNT($D17:$G17)<4,0,SUM($D17:$G17)) -> 0 | I17: =IF($H17=0,"",IF($H17<=8,"Ótimo",IF($H17<=12,"Bom",IF($H17<=16,"Regular",IF($H17<=20,"Alerta","Crítico")))))
B18: =IF($A18="",0,INT(($A18-Macrociclo!$C$11)/7)+1) -> 0 | H18: =IF(COUNT($D18:$G18)<4,0,SUM($D18:$G18)) -> 0 | I18: =IF($H18=0,"",IF($H18<=8,"Ótimo",IF($H18<=12,"Bom",IF($H18<=16,"Regular",IF($H18<=20,"Alerta","Crítico")))))
B19: =IF($A19="",0,INT(($A19-Macrociclo!$C$11)/7)+1) -> 0 | H19: =IF(COUNT($D19:$G19)<4,0,SUM($D19:$G19)) -> 0 | I19: =IF($H19=0,"",IF($H19<=8,"Ótimo",IF($H19<=12,"Bom",IF($H19<=16,"Regular",IF($H19<=20,"Alerta","Crítico")))))
... B1007: =IF($A1007="",0,INT(($A1007-Macrociclo!$C$11)/7)+1) -> 0 | H1007: =IF(COUNT($D1007:$G1007)<4,0,SUM($D1007:$G1007)) -> 0 | I1007: =IF($H1007=0,"",IF($H1007<=8,"Ótimo",IF($H1007<=12,"Bom",IF($H1007<=16,"Regular",IF($H1007<=20,"Alerta","Crítico")))))

Sheet Presença
A1: CONTROLE DE PRESENÇA
A2: Chamada por sessão à esquerda; percentual de presença por atleta calculado automaticamente à direita.
I5: RESUMO POR ATLETA
A7: Data | B7: Semana | C7: Sessão / Tipo | D7: Atleta | E7: Presença | F7: Min. Participados | G7: Justificativa | I7: Atleta | J7: Registros | K7: Presenças | L7: % Presença | M7: Faltas | N7: Lesão / DM | O7: Min. Totais | P7: Situação
B8: =IF($A8="",0,INT(($A8-Macrociclo!$C$11)/7)+1) -> 0 | I8: =IF(Cadastro!$B7="","",Cadastro!$B7) | J8: =IF($I8="",0,COUNTIFS($D$8:$D$1007,$I8)) -> 0 | K8: =IF($I8="",0,COUNTIFS($D$8:$D$1007,$I8,$E$8:$E$1007,"Presente")) -> 0 | L8: =IF($J8=0,0,$K8/$J8) -> 0 | M8: =IF($I8="",0,COUNTIFS($D$8:$D$1007,$I8,$E$8:$E$1007,"Falta Justificada")+COUNTIFS($D$8:$D$1007,$I8,$E$8:$E$1007,"Falta Não Justificada")) -> 0 | N8: =IF($I8="",0,COUNTIFS($D$8:$D$1007,$I8,$E$8:$E$1007,"Lesionado")+COUNTIFS($D$8:$D$1007,$I8,$E$8:$E$1007,"Departamento Médico")) -> 0 | O8: =IF($I8="",0,SUMIFS($F$8:$F$1007,$D$8:$D$1007,$I8)) -> 0 | P8: =IF($I8="","",IF($J8=0,"Sem registro",IF($L8>=0.9,"Excelente",IF($L8>=0.75,"Regular","Baixa assiduidade"))))
B9: =IF($A9="",0,INT(($A9-Macrociclo!$C$11)/7)+1) -> 0 | I9: =IF(Cadastro!$B8="","",Cadastro!$B8) | J9: =IF($I9="",0,COUNTIFS($D$8:$D$1007,$I9)) -> 0 | K9: =IF($I9="",0,COUNTIFS($D$8:$D$1007,$I9,$E$8:$E$1007,"Presente")) -> 0 | L9: =IF($J9=0,0,$K9/$J9) -> 0 | M9: =IF($I9="",0,COUNTIFS($D$8:$D$1007,$I9,$E$8:$E$1007,"Falta Justificada")+COUNTIFS($D$8:$D$1007,$I9,$E$8:$E$1007,"Falta Não Justificada")) -> 0 | N9: =IF($I9="",0,COUNTIFS($D$8:$D$1007,$I9,$E$8:$E$1007,"Lesionado")+COUNTIFS($D$8:$D$1007,$I9,$E$8:$E$1007,"Departamento Médico")) -> 0 | O9: =IF($I9="",0,SUMIFS($F$8:$F$1007,$D$8:$D$1007,$I9)) -> 0 | P9: =IF($I9="","",IF($J9=0,"Sem registro",IF($L9>=0.9,"Excelente",IF($L9>=0.75,"Regular","Baixa assiduidade"))))
B10: =IF($A10="",0,INT(($A10-Macrociclo!$C$11)/7)+1) -> 0 | I10: =IF(Cadastro!$B9="","",Cadastro!$B9) | J10: =IF($I10="",0,COUNTIFS($D$8:$D$1007,$I10)) -> 0 | K10: =IF($I10="",0,COUNTIFS($D$8:$D$1007,$I10,$E$8:$E$1007,"Presente")) -> 0 | L10: =IF($J10=0,0,$K10/$J10) -> 0 | M10: =IF($I10="",0,COUNTIFS($D$8:$D$1007,$I10,$E$8:$E$1007,"Falta Justificada")+COUNTIFS($D$8:$D$1007,$I10,$E$8:$E$1007,"Falta Não Justificada")) -> 0 | N10: =IF($I10="",0,COUNTIFS($D$8:$D$1007,$I10,$E$8:$E$1007,"Lesionado")+COUNTIFS($D$8:$D$1007,$I10,$E$8:$E$1007,"Departamento Médico")) -> 0 | O10: =IF($I10="",0,SUMIFS($F$8:$F$1007,$D$8:$D$1007,$I10)) -> 0 | P10: =IF($I10="","",IF($J10=0,"Sem registro",IF($L10>=0.9,"Excelente",IF($L10>=0.75,"Regular","Baixa assiduidade"))))
B11: =IF($A11="",0,INT(($A11-Macrociclo!$C$11)/7)+1) -> 0 | I11: =IF(Cadastro!$B10="","",Cadastro!$B10) | J11: =IF($I11="",0,COUNTIFS($D$8:$D$1007,$I11)) -> 0 | K11: =IF($I11="",0,COUNTIFS($D$8:$D$1007,$I11,$E$8:$E$1007,"Presente")) -> 0 | L11: =IF($J11=0,0,$K11/$J11) -> 0 | M11: =IF($I11="",0,COUNTIFS($D$8:$D$1007,$I11,$E$8:$E$1007,"Falta Justificada")+COUNTIFS($D$8:$D$1007,$I11,$E$8:$E$1007,"Falta Não Justificada")) -> 0 | N11: =IF($I11="",0,COUNTIFS($D$8:$D$1007,$I11,$E$8:$E$1007,"Lesionado")+COUNTIFS($D$8:$D$1007,$I11,$E$8:$E$1007,"Departamento Médico")) -> 0 | O11: =IF($I11="",0,SUMIFS($F$8:$F$1007,$D$8:$D$1007,$I11)) -> 0 | P11: =IF($I11="","",IF($J11=0,"Sem registro",IF($L11>=0.9,"Excelente",IF($L11>=0.75,"Regular","Baixa assiduidade"))))
B12: =IF($A12="",0,INT(($A12-Macrociclo!$C$11)/7)+1) -> 0 | I12: =IF(Cadastro!$B11="","",Cadastro!$B11) | J12: =IF($I12="",0,COUNTIFS($D$8:$D$1007,$I12)) -> 0 | K12: =IF($I12="",0,COUNTIFS($D$8:$D$1007,$I12,$E$8:$E$1007,"Presente")) -> 0 | L12: =IF($J12=0,0,$K12/$J12) -> 0 | M12: =IF($I12="",0,COUNTIFS($D$8:$D$1007,$I12,$E$8:$E$1007,"Falta Justificada")+COUNTIFS($D$8:$D$1007,$I12,$E$8:$E$1007,"Falta Não Justificada")) -> 0 | N12: =IF($I12="",0,COUNTIFS($D$8:$D$1007,$I12,$E$8:$E$1007,"Lesionado")+COUNTIFS($D$8:$D$1007,$I12,$E$8:$E$1007,"Departamento Médico")) -> 0 | O12: =IF($I12="",0,SUMIFS($F$8:$F$1007,$D$8:$D$1007,$I12)) -> 0 | P12: =IF($I12="","",IF($J12=0,"Sem registro",IF($L12>=0.9,"Excelente",IF($L12>=0.75,"Regular","Baixa assiduidade"))))
B13: =IF($A13="",0,INT(($A13-Macrociclo!$C$11)/7)+1) -> 0 | I13: =IF(Cadastro!$B12="","",Cadastro!$B12) | J13: =IF($I13="",0,COUNTIFS($D$8:$D$1007,$I13)) -> 0 | K13: =IF($I13="",0,COUNTIFS($D$8:$D$1007,$I13,$E$8:$E$1007,"Presente")) -> 0 | L13: =IF($J13=0,0,$K13/$J13) -> 0 | M13: =IF($I13="",0,COUNTIFS($D$8:$D$1007,$I13,$E$8:$E$1007,"Falta Justificada")+COUNTIFS($D$8:$D$1007,$I13,$E$8:$E$1007,"Falta Não Justificada")) -> 0 | N13: =IF($I13="",0,COUNTIFS($D$8:$D$1007,$I13,$E$8:$E$1007,"Lesionado")+COUNTIFS($D$8:$D$1007,$I13,$E$8:$E$1007,"Departamento Médico")) -> 0 | O13: =IF($I13="",0,SUMIFS($F$8:$F$1007,$D$8:$D$1007,$I13)) -> 0 | P13: =IF($I13="","",IF($J13=0,"Sem registro",IF($L13>=0.9,"Excelente",IF($L13>=0.75,"Regular","Baixa assiduidade"))))
B14: =IF($A14="",0,INT(($A14-Macrociclo!$C$11)/7)+1) -> 0 | I14: =IF(Cadastro!$B13="","",Cadastro!$B13) | J14: =IF($I14="",0,COUNTIFS($D$8:$D$1007,$I14)) -> 0 | K14: =IF($I14="",0,COUNTIFS($D$8:$D$1007,$I14,$E$8:$E$1007,"Presente")) -> 0 | L14: =IF($J14=0,0,$K14/$J14) -> 0 | M14: =IF($I14="",0,COUNTIFS($D$8:$D$1007,$I14,$E$8:$E$1007,"Falta Justificada")+COUNTIFS($D$8:$D$1007,$I14,$E$8:$E$1007,"Falta Não Justificada")) -> 0 | N14: =IF($I14="",0,COUNTIFS($D$8:$D$1007,$I14,$E$8:$E$1007,"Lesionado")+COUNTIFS($D$8:$D$1007,$I14,$E$8:$E$1007,"Departamento Médico")) -> 0 | O14: =IF($I14="",0,SUMIFS($F$8:$F$1007,$D$8:$D$1007,$I14)) -> 0 | P14: =IF($I14="","",IF($J14=0,"Sem registro",IF($L14>=0.9,"Excelente",IF($L14>=0.75,"Regular","Baixa assiduidade"))))
B15: =IF($A15="",0,INT(($A15-Macrociclo!$C$11)/7)+1) -> 0 | I15: =IF(Cadastro!$B14="","",Cadastro!$B14) | J15: =IF($I15="",0,COUNTIFS($D$8:$D$1007,$I15)) -> 0 | K15: =IF($I15="",0,COUNTIFS($D$8:$D$1007,$I15,$E$8:$E$1007,"Presente")) -> 0 | L15: =IF($J15=0,0,$K15/$J15) -> 0 | M15: =IF($I15="",0,COUNTIFS($D$8:$D$1007,$I15,$E$8:$E$1007,"Falta Justificada")+COUNTIFS($D$8:$D$1007,$I15,$E$8:$E$1007,"Falta Não Justificada")) -> 0 | N15: =IF($I15="",0,COUNTIFS($D$8:$D$1007,$I15,$E$8:$E$1007,"Lesionado")+COUNTIFS($D$8:$D$1007,$I15,$E$8:$E$1007,"Departamento Médico")) -> 0 | O15: =IF($I15="",0,SUMIFS($F$8:$F$1007,$D$8:$D$1007,$I15)) -> 0 | P15: =IF($I15="","",IF($J15=0,"Sem registro",IF($L15>=0.9,"Excelente",IF($L15>=0.75,"Regular","Baixa assiduidade"))))
B16: =IF($A16="",0,INT(($A16-Macrociclo!$C$11)/7)+1) -> 0 | I16: =IF(Cadastro!$B15="","",Cadastro!$B15) | J16: =IF($I16="",0,COUNTIFS($D$8:$D$1007,$I16)) -> 0 | K16: =IF($I16="",0,COUNTIFS($D$8:$D$1007,$I16,$E$8:$E$1007,"Presente")) -> 0 | L16: =IF($J16=0,0,$K16/$J16) -> 0 | M16: =IF($I16="",0,COUNTIFS($D$8:$D$1007,$I16,$E$8:$E$1007,"Falta Justificada")+COUNTIFS($D$8:$D$1007,$I16,$E$8:$E$1007,"Falta Não Justificada")) -> 0 | N16: =IF($I16="",0,COUNTIFS($D$8:$D$1007,$I16,$E$8:$E$1007,"Lesionado")+COUNTIFS($D$8:$D$1007,$I16,$E$8:$E$1007,"Departamento Médico")) -> 0 | O16: =IF($I16="",0,SUMIFS($F$8:$F$1007,$D$8:$D$1007,$I16)) -> 0 | P16: =IF($I16="","",IF($J16=0,"Sem registro",IF($L16>=0.9,"Excelente",IF($L16>=0.75,"Regular","Baixa assiduidade"))))
B17: =IF($A17="",0,INT(($A17-Macrociclo!$C$11)/7)+1) -> 0 | I17: =IF(Cadastro!$B16="","",Cadastro!$B16) | J17: =IF($I17="",0,COUNTIFS($D$8:$D$1007,$I17)) -> 0 | K17: =IF($I17="",0,COUNTIFS($D$8:$D$1007,$I17,$E$8:$E$1007,"Presente")) -> 0 | L17: =IF($J17=0,0,$K17/$J17) -> 0 | M17: =IF($I17="",0,COUNTIFS($D$8:$D$1007,$I17,$E$8:$E$1007,"Falta Justificada")+COUNTIFS($D$8:$D$1007,$I17,$E$8:$E$1007,"Falta Não Justificada")) -> 0 | N17: =IF($I17="",0,COUNTIFS($D$8:$D$1007,$I17,$E$8:$E$1007,"Lesionado")+COUNTIFS($D$8:$D$1007,$I17,$E$8:$E$1007,"Departamento Médico")) -> 0 | O17: =IF($I17="",0,SUMIFS($F$8:$F$1007,$D$8:$D$1007,$I17)) -> 0 | P17: =IF($I17="","",IF($J17=0,"Sem registro",IF($L17>=0.9,"Excelente",IF($L17>=0.75,"Regular","Baixa assiduidade"))))
B18: =IF($A18="",0,INT(($A18-Macrociclo!$C$11)/7)+1) -> 0 | I18: =IF(Cadastro!$B17="","",Cadastro!$B17) | J18: =IF($I18="",0,COUNTIFS($D$8:$D$1007,$I18)) -> 0 | K18: =IF($I18="",0,COUNTIFS($D$8:$D$1007,$I18,$E$8:$E$1007,"Presente")) -> 0 | L18: =IF($J18=0,0,$K18/$J18) -> 0 | M18: =IF($I18="",0,COUNTIFS($D$8:$D$1007,$I18,$E$8:$E$1007,"Falta Justificada")+COUNTIFS($D$8:$D$1007,$I18,$E$8:$E$1007,"Falta Não Justificada")) -> 0 | N18: =IF($I18="",0,COUNTIFS($D$8:$D$1007,$I18,$E$8:$E$1007,"Lesionado")+COUNTIFS($D$8:$D$1007,$I18,$E$8:$E$1007,"Departamento Médico")) -> 0 | O18: =IF($I18="",0,SUMIFS($F$8:$F$1007,$D$8:$D$1007,$I18)) -> 0 | P18: =IF($I18="","",IF($J18=0,"Sem registro",IF($L18>=0.9,"Excelente",IF($L18>=0.75,"Regular","Baixa assiduidade"))))
B19: =IF($A19="",0,INT(($A19-Macrociclo!$C$11)/7)+1) -> 0 | I19: =IF(Cadastro!$B18="","",Cadastro!$B18) | J19: =IF($I19="",0,COUNTIFS($D$8:$D$1007,$I19)) -> 0 | K19: =IF($I19="",0,COUNTIFS($D$8:$D$1007,$I19,$E$8:$E$1007,"Presente")) -> 0 | L19: =IF($J19=0,0,$K19/$J19) -> 0 | M19: =IF($I19="",0,COUNTIFS($D$8:$D$1007,$I19,$E$8:$E$1007,"Falta Justificada")+COUNTIFS($D$8:$D$1007,$I19,$E$8:$E$1007,"Falta Não Justificada")) -> 0 | N19: =IF($I19="",0,COUNTIFS($D$8:$D$1007,$I19,$E$8:$E$1007,"Lesionado")+COUNTIFS($D$8:$D$1007,$I19,$E$8:$E$1007,"Departamento Médico")) -> 0 | O19: =IF($I19="",0,SUMIFS($F$8:$F$1007,$D$8:$D$1007,$I19)) -> 0 | P19: =IF($I19="","",IF($J19=0,"Sem registro",IF($L19>=0.9,"Excelente",IF($L19>=0.75,"Regular","Baixa assiduidade"))))
... B67: =IF($A67="",0,INT(($A67-Macrociclo!$C$11)/7)+1) -> 0 | I67: =IF(Cadastro!$B66="","",Cadastro!$B66) | J67: =IF($I67="",0,COUNTIFS($D$8:$D$1007,$I67)) -> 0 | K67: =IF($I67="",0,COUNTIFS($D$8:$D$1007,$I67,$E$8:$E$1007,"Presente")) -> 0 | L67: =IF($J67=0,0,$K67/$J67) -> 0 | M67: =IF($I67="",0,COUNTIFS($D$8:$D$1007,$I67,$E$8:$E$1007,"Falta Justificada")+COUNTIFS($D$8:$D$1007,$I67,$E$8:$E$1007,"Falta Não Justificada")) -> 0 | N67: =IF($I67="",0,COUNTIFS($D$8:$D$1007,$I67,$E$8:$E$1007,"Lesionado")+COUNTIFS($D$8:$D$1007,$I67,$E$8:$E$1007,"Departamento Médico")) -> 0 | O67: =IF($I67="",0,SUMIFS($F$8:$F$1007,$D$8:$D$1007,$I67)) -> 0 | P67: =IF($I67="","",IF($J67=0,"Sem registro",IF($L67>=0.9,"Excelente",IF($L67>=0.75,"Regular","Baixa assiduidade"))))
B68: =IF($A68="",0,INT(($A68-Macrociclo!$C$11)/7)+1) -> 0
B69: =IF($A69="",0,INT(($A69-Macrociclo!$C$11)/7)+1) -> 0
B70: =IF($A70="",0,INT(($A70-Macrociclo!$C$11)/7)+1) -> 0
B71: =IF($A71="",0,INT(($A71-Macrociclo!$C$11)/7)+1) -> 0
B72: =IF($A72="",0,INT(($A72-Macrociclo!$C$11)/7)+1) -> 0
B73: =IF($A73="",0,INT(($A73-Macrociclo!$C$11)/7)+1) -> 0
B74: =IF($A74="",0,INT(($A74-Macrociclo!$C$11)/7)+1) -> 0
B75: =IF($A75="",0,INT(($A75-Macrociclo!$C$11)/7)+1) -> 0
B76: =IF($A76="",0,INT(($A76-Macrociclo!$C$11)/7)+1) -> 0
B77: =IF($A77="",0,INT(($A77-Macrociclo!$C$11)/7)+1) -> 0
B78: =IF($A78="",0,INT(($A78-Macrociclo!$C$11)/7)+1) -> 0
B79: =IF($A79="",0,INT(($A79-Macrociclo!$C$11)/7)+1) -> 0
... B1007: =IF($A1007="",0,INT(($A1007-Macrociclo!$C$11)/7)+1) -> 0

Sheet Testes
A1: AVALIAÇÕES E TESTES FÍSICOS
A2: Aplique a mesma bateria em momentos-chave da temporada para acompanhar a evolução de cada atleta.
A4: Impulsão de Ataque é calculada automaticamente: Alcance de Ataque medido no teste − Alcance em Pé do Cadastro. Registre sempre a melhor de 3 tentativas nos testes de salto e velocidade.
A7: Data | B7: Atleta | C7: Momento | D7: Massa (kg) | E7: % Gordura | F7: Squat Jump (cm) | G7: CMJ (cm) | H7: Salto c/ Aproximação (cm) | I7: Alcance de Ataque (cm) | J7: Alcance de Bloqueio (cm) | K7: Impulsão de Ataque (cm) | L7: T-Test (s) | M7: Sprint 10 m (s) | N7: Sentar-e-Alcançar (cm) | O7: Yo-Yo IR1 (m) | P7: Preensão Manual (kg) | Q7: Medicine Ball (m) | R7: Observações
K8: =IFERROR($I8-INDEX(Cadastro!$N$7:$N$66,MATCH($B8,Cadastro!$B$7:$B$66,0)),"")
K9: =IFERROR($I9-INDEX(Cadastro!$N$7:$N$66,MATCH($B9,Cadastro!$B$7:$B$66,0)),"")
K10: =IFERROR($I10-INDEX(Cadastro!$N$7:$N$66,MATCH($B10,Cadastro!$B$7:$B$66,0)),"")
K11: =IFERROR($I11-INDEX(Cadastro!$N$7:$N$66,MATCH($B11,Cadastro!$B$7:$B$66,0)),"")
K12: =IFERROR($I12-INDEX(Cadastro!$N$7:$N$66,MATCH($B12,Cadastro!$B$7:$B$66,0)),"")
K13: =IFERROR($I13-INDEX(Cadastro!$N$7:$N$66,MATCH($B13,Cadastro!$B$7:$B$66,0)),"")
K14: =IFERROR($I14-INDEX(Cadastro!$N$7:$N$66,MATCH($B14,Cadastro!$B$7:$B$66,0)),"")
K15: =IFERROR($I15-INDEX(Cadastro!$N$7:$N$66,MATCH($B15,Cadastro!$B$7:$B$66,0)),"")
K16: =IFERROR($I16-INDEX(Cadastro!$N$7:$N$66,MATCH($B16,Cadastro!$B$7:$B$66,0)),"")
K17: =IFERROR($I17-INDEX(Cadastro!$N$7:$N$66,MATCH($B17,Cadastro!$B$7:$B$66,0)),"")
K18: =IFERROR($I18-INDEX(Cadastro!$N$7:$N$66,MATCH($B18,Cadastro!$B$7:$B$66,0)),"")
K19: =IFERROR($I19-INDEX(Cadastro!$N$7:$N$66,MATCH($B19,Cadastro!$B$7:$B$66,0)),"")
... K407: =IFERROR($I407-INDEX(Cadastro!$N$7:$N$66,MATCH($B407,Cadastro!$B$7:$B$66,0)),"")

Sheet Atleta
A1: ÁREA DO ATLETA
A2: Escolha o seu nome no menu: perfil, cargas da semana, monotonia e o treino prescrito aparecem automaticamente.
A4: ATLETA: | C4: Ana Beatriz Ramos
A5: Ver treinos a partir de: | C5: 46265
A7: PERFIL DO ATLETA
A8: ID | B8: =IFERROR(INDEX(Cadastro!$A$7:$A$66,MATCH($C$4,Cadastro!$B$7:$B$66,0)),"") | G8: Nº Camisa | H8: =IFERROR(INDEX(Cadastro!$H$7:$H$66,MATCH($C$4,Cadastro!$B$7:$B$66,0)),"") | M8: Alcance de Ataque | N8: =IFERROR(INDEX(Cadastro!$O$7:$O$66,MATCH($C$4,Cadastro!$B$7:$B$66,0)),"")
A9: Idade | B9: =IFERROR(INDEX(Cadastro!$D$7:$D$66,MATCH($C$4,Cadastro!$B$7:$B$66,0)),"") | G9: Estatura (m) | H9: =IFERROR(INDEX(Cadastro!$J$7:$J$66,MATCH($C$4,Cadastro!$B$7:$B$66,0)),"") | M9: Impulsão de Ataque | N9: =IFERROR(INDEX(Cadastro!$Q$7:$Q$66,MATCH($C$4,Cadastro!$B$7:$B$66,0)),"")
A10: Posição | B10: =IFERROR(INDEX(Cadastro!$F$7:$F$66,MATCH($C$4,Cadastro!$B$7:$B$66,0)),"") | G10: Massa (kg) | H10: =IFERROR(INDEX(Cadastro!$K$7:$K$66,MATCH($C$4,Cadastro!$B$7:$B$66,0)),"") | M10: Alcance de Bloqueio | N10: =IFERROR(INDEX(Cadastro!$P$7:$P$66,MATCH($C$4,Cadastro!$B$7:$B$66,0)),"")
A11: Categoria | B11: =IFERROR(INDEX(Cadastro!$G$7:$G$66,MATCH($C$4,Cadastro!$B$7:$B$66,0)),"") | G11: IMC | H11: =IFERROR(INDEX(Cadastro!$L$7:$L$66,MATCH($C$4,Cadastro!$B$7:$B$66,0)),"") | M11: Status | N11: =IFERROR(INDEX(Cadastro!$T$7:$T$66,MATCH($C$4,Cadastro!$B$7:$B$66,0)),"")
A13: INDICADORES ATUAIS
A14: SESSÕES REGISTRADAS | C14: CARGA TOTAL (UA) | E14: CARGA MÉDIA SEMANAL (UA) | G14: ÚLTIMO REGISTRO | I14: ACWR ATUAL | K14: MONOTONIA MÉDIA | M14: % DE PRESENÇA | O14: HOOPER MÉDIO
A15: =COUNTIFS('Carga (PSE)'!$C$8:$C$1007,$C$4) -> 0 | C15: =SUMIFS('Carga (PSE)'!$G$8:$G$1007,'Carga (PSE)'!$C$8:$C$1007,$C$4) -> 0 | E15: =IFERROR(AVERAGEIF($J$20:$J$67,">0"),0) -> 0 | G15: =IFERROR(IF(SUMPRODUCT(MAX(('Carga (PSE)'!$C$8:$C$1007=$C$4)*'Carga (PSE)'!$A$8:$A$1007))=0,"",SUMPRODUCT(MAX(('Carga (PSE)'!$C$8:$C$1007=$C$4)*'Carga (PSE)'!$A$8:$A$1007))),"") | I15: =IF($G$15="",0,IFERROR(AVERAGEIFS('Carga (PSE)'!$J$8:$J$1007,'Carga (PSE)'!$C$8:$C$1007,$C$4,'Carga (PSE)'!$A$8:$A$1007,$G$15),0)) -> 0 | K15: =IFERROR(AVERAGEIF($N$20:$N$67,">0"),0) -> 0 | M15: =IFERROR(INDEX(Presença!$L$8:$L$67,MATCH($C$4,Presença!$I$8:$I$67,0)),0) -> 0 | O15: =IFERROR(AVERAGEIFS(Wellness!$H$8:$H$1007,Wellness!$C$8:$C$1007,$C$4),0) -> 0
A16: =IF($C$4="","Selecione um atleta em C4.",IF($I$15>1.5,"ALERTA: ACWR acima de 1,50 — pico de carga aguda. Avaliar redução do volume nas próximas sessões.",IF($I$15<0.8,"ATENÇÃO: ACWR abaixo de 0,80 — carga recente baixa em relação à crônica. Progredir gradualmente.",IF($O$15>16,"ATENÇÃO: Índice de Hooper médio elevado — monitorar sono, fadiga e dor muscular.",IF($K$15>2,"ATENÇÃO: monotonia média acima de 2,0 — variar mais as cargas ao longo da semana.","Situação dentro dos parâmetros de referência."))))) -> ATENÇÃO: ACWR abaixo de 0,80 — carga recente baixa em relação à crônica. Progredir gradualmente.
A18: CONTROLE SEMANAL DE CARGA — MONOTONIA E STRAIN (FOSTER)
A19: Semana | B19: Início | C19: Seg | D19: Ter | E19: Qua | F19: Qui | G19: Sex | H19: Sáb | I19: Dom | J19: Carga Semanal (UA) | K19: Sessões | L19: Média Diária | M19: Desvio-Padrão | N19: Monotonia | O19: Strain | P19: Classificação
A20: 1 | B20: =IF(Macrociclo!$C$11="","",Macrociclo!$C$11+($A20-1)*7) -> 46027 | C20: =IF($B20="",0,SUMIFS('Carga (PSE)'!$G$8:$G$1007,'Carga (PSE)'!$C$8:$C$1007,$C$4,'Carga (PSE)'!$A$8:$A$1007,$B20+0)) -> 0 | D20: =IF($B20="",0,SUMIFS('Carga (PSE)'!$G$8:$G$1007,'Carga (PSE)'!$C$8:$C$1007,$C$4,'Carga (PSE)'!$A$8:$A$1007,$B20+1)) -> 0 | E20: =IF($B20="",0,SUMIFS('Carga (PSE)'!$G$8:$G$1007,'Carga (PSE)'!$C$8:$C$1007,$C$4,'Carga (PSE)'!$A$8:$A$1007,$B20+2)) -> 0 | F20: =IF($B20="",0,SUMIFS('Carga (PSE)'!$G$8:$G$1007,'Carga (PSE)'!$C$8:$C$1007,$C$4,'Carga (PSE)'!$A$8:$A$1007,$B20+3)) -> 0 | G20: =IF($B20="",0,SUMIFS('Carga (PSE)'!$G$8:$G$1007,'Carga (PSE)'!$C$8:$C$1007,$C$4,'Carga (PSE)'!$A$8:$A$1007,$B20+4)) -> 0 | H20: =IF($B20="",0,SUMIFS('Carga (PSE)'!$G$8:$G$1007,'Carga (PSE)'!$C$8:$C$1007,$C$4,'Carga (PSE)'!$A$8:$A$1007,$B20+5)) -> 0 | I20: =IF($B20="",0,SUMIFS('Carga (PSE)'!$G$8:$G$1007,'Carga (PSE)'!$C$8:$C$1007,$C$4,'Carga (PSE)'!$A$8:$A$1007,$B20+6)) -> 0 | J20: =SUM($C20:$I20) -> 0 | K20: =COUNTIFS('Carga (PSE)'!$C$8:$C$1007,$C$4,'Carga (PSE)'!$B$8:$B$1007,$A20) -> 0 | L20: =IF($J20=0,0,$J20/7) -> 0 | M20: =IF($J20=0,0,STDEV($C20:$I20)) -> 0 | N20: =IF($M20=0,0,$L20/$M20) -> 0 | O20: =$J20*$N20 -> 0 | P20: =IF($J20=0,"",IF($N20>2,"Monotonia alta",IF($N20>=1.5,"Atenção","Adequada")))
A21: 2 | B21: =IF(Macrociclo!$C$11="","",Macrociclo!$C$11+($A21-1)*7) -> 46034 | C21: =IF($B21="",0,SUMIFS('Carga (PSE)'!$G$8:$G$1007,'Carga (PSE)'!$C$8:$C$1007,$C$4,'Carga (PSE)'!$A$8:$A$1007,$B21+0)) -> 0 | D21: =IF($B21="",0,SUMIFS('Carga (PSE)'!$G$8:$G$1007,'Carga (PSE)'!$C$8:$C$1007,$C$4,'Carga (PSE)'!$A$8:$A$1007,$B21+1)) -> 0 | E21: =IF($B21="",0,SUMIFS('Carga (PSE)'!$G$8:$G$1007,'Carga (PSE)'!$C$8:$C$1007,$C$4,'Carga (PSE)'!$A$8:$A$1007,$B21+2)) -> 0 | F21: =IF($B21="",0,SUMIFS('Carga (PSE)'!$G$8:$G$1007,'Carga (PSE)'!$C$8:$C$1007,$C$4,'Carga (PSE)'!$A$8:$A$1007,$B21+3)) -> 0 | G21: =IF($B21="",0,SUMIFS('Carga (PSE)'!$G$8:$G$1007,'Carga (PSE)'!$C$8:$C$1007,$C$4,'Carga (PSE)'!$A$8:$A$1007,$B21+4)) -> 0 | H21: =IF($B21="",0,SUMIFS('Carga (PSE)'!$G$8:$G$1007,'Carga (PSE)'!$C$8:$C$1007,$C$4,'Carga (PSE)'!$A$8:$A$1007,$B21+5)) -> 0 | I21: =IF($B21="",0,SUMIFS('Carga (PSE)'!$G$8:$G$1007,'Carga (PSE)'!$C$8:$C$1007,$C$4,'Carga (PSE)'!$A$8:$A$1007,$B21+6)) -> 0 | J21: =SUM($C21:$I21) -> 0 | K21: =COUNTIFS('Carga (PSE)'!$C$8:$C$1007,$C$4,'Carga (PSE)'!$B$8:$B$1007,$A21) -> 0 | L21: =IF($J21=0,0,$J21/7) -> 0 | M21: =IF($J21=0,0,STDEV($C21:$I21)) -> 0 | N21: =IF($M21=0,0,$L21/$M21) -> 0 | O21: =$J21*$N21 -> 0 | P21: =IF($J21=0,"",IF($N21>2,"Monotonia alta",IF($N21>=1.5,"Atenção","Adequada")))
A22: 3 | B22: =IF(Macrociclo!$C$11="","",Macrociclo!$C$11+($A22-1)*7) -> 46041 | C22: =IF($B22="",0,SUMIFS('Carga (PSE)'!$G$8:$G$1007,'Carga (PSE)'!$C$8:$C$1007,$C$4,'Carga (PSE)'!$A$8:$A$1007,$B22+0)) -> 0 | D22: =IF($B22="",0,SUMIFS('Carga (PSE)'!$G$8:$G$1007,'Carga (PSE)'!$C$8:$C$1007,$C$4,'Carga (PSE)'!$A$8:$A$1007,$B22+1)) -> 0 | E22: =IF($B22="",0,SUMIFS('Carga (PSE)'!$G$8:$G$1007,'Carga (PSE)'!$C$8:$C$1007,$C$4,'Carga (PSE)'!$A$8:$A$1007,$B22+2)) -> 0 | F22: =IF($B22="",0,SUMIFS('Carga (PSE)'!$G$8:$G$1007,'Carga (PSE)'!$C$8:$C$1007,$C$4,'Carga (PSE)'!$A$8:$A$1007,$B22+3)) -> 0 | G22: =IF($B22="",0,SUMIFS('Carga (PSE)'!$G$8:$G$1007,'Carga (PSE)'!$C$8:$C$1007,$C$4,'Carga (PSE)'!$A$8:$A$1007,$B22+4)) -> 0 | H22: =IF($B22="",0,SUMIFS('Carga (PSE)'!$G$8:$G$1007,'Carga (PSE)'!$C$8:$C$1007,$C$4,'Carga (PSE)'!$A$8:$A$1007,$B22+5)) -> 0 | I22: =IF($B22="",0,SUMIFS('Carga (PSE)'!$G$8:$G$1007,'Carga (PSE)'!$C$8:$C$1007,$C$4,'Carga (PSE)'!$A$8:$A$1007,$B22+6)) -> 0 | J22: =SUM($C22:$I22) -> 0 | K22: =COUNTIFS('Carga (PSE)'!$C$8:$C$1007,$C$4,'Carga (PSE)'!$B$8:$B$1007,$A22) -> 0 | L22: =IF($J22=0,0,$J22/7) -> 0 | M22: =IF($J22=0,0,STDEV($C22:$I22)) -> 0 | N22: =IF($M22=0,0,$L22/$M22) -> 0 | O22: =$J22*$N22 -> 0 | P22: =IF($J22=0,"",IF($N22>2,"Monotonia alta",IF($N22>=1.5,"Atenção","Adequada")))
A23: 4 | B23: =IF(Macrociclo!$C$11="","",Macrociclo!$C$11+($A23-1)*7) -> 46048 | C23: =IF($B23="",0,SUMIFS('Carga (PSE)'!$G$8:$G$1007,'Carga (PSE)'!$C$8:$C$1007,$C$4,'Carga (PSE)'!$A$8:$A$1007,$B23+0)) -> 0 | D23: =IF($B23="",0,SUMIFS('Carga (PSE)'!$G$8:$G$1007,'Carga (PSE)'!$C$8:$C$1007,$C$4,'Carga (PSE)'!$A$8:$A$1007,$B23+1)) -> 0 | E23: =IF($B23="",0,SUMIFS('Carga (PSE)'!$G$8:$G$1007,'Carga (PSE)'!$C$8:$C$1007,$C$4,'Carga (PSE)'!$A$8:$A$1007,$B23+2)) -> 0 | F23: =IF($B23="",0,SUMIFS('Carga (PSE)'!$G$8:$G$1007,'Carga (PSE)'!$C$8:$C$1007,$C$4,'Carga (PSE)'!$A$8:$A$1007,$B23+3)) -> 0 | G23: =IF($B23="",0,SUMIFS('Carga (PSE)'!$G$8:$G$1007,'Carga (PSE)'!$C$8:$C$1007,$C$4,'Carga (PSE)'!$A$8:$A$1007,$B23+4)) -> 0 | H23: =IF($B23="",0,SUMIFS('Carga (PSE)'!$G$8:$G$1007,'Carga (PSE)'!$C$8:$C$1007,$C$4,'Carga (PSE)'!$A$8:$A$1007,$B23+5)) -> 0 | I23: =IF($B23="",0,SUMIFS('Carga (PSE)'!$G$8:$G$1007,'Carga (PSE)'!$C$8:$C$1007,$C$4,'Carga (PSE)'!$A$8:$A$1007,$B23+6)) -> 0 | J23: =SUM($C23:$I23) -> 0 | K23: =COUNTIFS('Carga (PSE)'!$C$8:$C$1007,$C$4,'Carga (PSE)'!$B$8:$B$1007,$A23) -> 0 | L23: =IF($J23=0,0,$J23/7) -> 0 | M23: =IF($J23=0,0,STDEV($C23:$I23)) -> 0 | N23: =IF($M23=0,0,$L23/$M23) -> 0 | O23: =$J23*$N23 -> 0 | P23: =IF($J23=0,"",IF($N23>2,"Monotonia alta",IF($N23>=1.5,"Atenção","Adequada")))
A24: 5 | B24: =IF(Macrociclo!$C$11="","",Macrociclo!$C$11+($A24-1)*7) -> 46055 | C24: =IF($B24="",0,SUMIFS('Carga (PSE)'!$G$8:$G$1007,'Carga (PSE)'!$C$8:$C$1007,$C$4,'Carga (PSE)'!$A$8:$A$1007,$B24+0)) -> 0 | D24: =IF($B24="",0,SUMIFS('Carga (PSE)'!$G$8:$G$1007,'Carga (PSE)'!$C$8:$C$1007,$C$4,'Carga (PSE)'!$A$8:$A$1007,$B24+1)) -> 0 | E24: =IF($B24="",0,SUMIFS('Carga (PSE)'!$G$8:$G$1007,'Carga (PSE)'!$C$8:$C$1007,$C$4,'Carga (PSE)'!$A$8:$A$1007,$B24+2)) -> 0 | F24: =IF($B24="",0,SUMIFS('Carga (PSE)'!$G$8:$G$1007,'Carga (PSE)'!$C$8:$C$1007,$C$4,'Carga (PSE)'!$A$8:$A$1007,$B24+3)) -> 0 | G24: =IF($B24="",0,SUMIFS('Carga (PSE)'!$G$8:$G$1007,'Carga (PSE)'!$C$8:$C$1007,$C$4,'Carga (PSE)'!$A$8:$A$1007,$B24+4)) -> 0 | H24: =IF($B24="",0,SUMIFS('Carga (PSE)'!$G$8:$G$1007,'Carga (PSE)'!$C$8:$C$1007,$C$4,'Carga (PSE)'!$A$8:$A$1007,$B24+5)) -> 0 | I24: =IF($B24="",0,SUMIFS('Carga (PSE)'!$G$8:$G$1007,'Carga (PSE)'!$C$8:$C$1007,$C$4,'Carga (PSE)'!$A$8:$A$1007,$B24+6)) -> 0 | J24: =SUM($C24:$I24) -> 0 | K24: =COUNTIFS('Carga (PSE)'!$C$8:$C$1007,$C$4,'Carga (PSE)'!$B$8:$B$1007,$A24) -> 0 | L24: =IF($J24=0,0,$J24/7) -> 0 | M24: =IF($J24=0,0,STDEV($C24:$I24)) -> 0 | N24: =IF($M24=0,0,$L24/$M24) -> 0 | O24: =$J24*$N24 -> 0 | P24: =IF($J24=0,"",IF($N24>2,"Monotonia alta",IF($N24>=1.5,"Atenção","Adequada")))
A25: 6 | B25: =IF(Macrociclo!$C$11="","",Macrociclo!$C$11+($A25-1)*7) -> 46062 | C25: =IF($B25="",0,SUMIFS('Carga (PSE)'!$G$8:$G$1007,'Carga (PSE)'!$C$8:$C$1007,$C$4,'Carga (PSE)'!$A$8:$A$1007,$B25+0)) -> 0 | D25: =IF($B25="",0,SUMIFS('Carga (PSE)'!$G$8:$G$1007,'Carga (PSE)'!$C$8:$C$1007,$C$4,'Carga (PSE)'!$A$8:$A$1007,$B25+1)) -> 0 | E25: =IF($B25="",0,SUMIFS('Carga (PSE)'!$G$8:$G$1007,'Carga (PSE)'!$C$8:$C$1007,$C$4,'Carga (PSE)'!$A$8:$A$1007,$B25+2)) -> 0 | F25: =IF($B25="",0,SUMIFS('Carga (PSE)'!$G$8:$G$1007,'Carga (PSE)'!$C$8:$C$1007,$C$4,'Carga (PSE)'!$A$8:$A$1007,$B25+3)) -> 0 | G25: =IF($B25="",0,SUMIFS('Carga (PSE)'!$G$8:$G$1007,'Carga (PSE)'!$C$8:$C$1007,$C$4,'Carga (PSE)'!$A$8:$A$1007,$B25+4)) -> 0 | H25: =IF($B25="",0,SUMIFS('Carga (PSE)'!$G$8:$G$1007,'Carga (PSE)'!$C$8:$C$1007,$C$4,'Carga (PSE)'!$A$8:$A$1007,$B25+5)) -> 0 | I25: =IF($B25="",0,SUMIFS('Carga (PSE)'!$G$8:$G$1007,'Carga (PSE)'!$C$8:$C$1007,$C$4,'Carga (PSE)'!$A$8:$A$1007,$B25+6)) -> 0 | J25: =SUM($C25:$I25) -> 0 | K25: =COUNTIFS('Carga (PSE)'!$C$8:$C$1007,$C$4,'Carga (PSE)'!$B$8:$B$1007,$A25) -> 0 | L25: =IF($J25=0,0,$J25/7) -> 0 | M25: =IF($J25=0,0,STDEV($C25:$I25)) -> 0 | N25: =IF($M25=0,0,$L25/$M25) -> 0 | O25: =$J25*$N25 -> 0 | P25: =IF($J25=0,"",IF($N25>2,"Monotonia alta",IF($N25>=1.5,"Atenção","Adequada")))
A26: 7 | B26: =IF(Macrociclo!$C$11="","",Macrociclo!$C$11+($A26-1)*7) -> 46069 | C26: =IF($B26="",0,SUMIFS('Carga (PSE)'!$G$8:$G$1007,'Carga (PSE)'!$C$8:$C$1007,$C$4,'Carga (PSE)'!$A$8:$A$1007,$B26+0)) -> 0 | D26: =IF($B26="",0,SUMIFS('Carga (PSE)'!$G$8:$G$1007,'Carga (PSE)'!$C$8:$C$1007,$C$4,'Carga (PSE)'!$A$8:$A$1007,$B26+1)) -> 0 | E26: =IF($B26="",0,SUMIFS('Carga (PSE)'!$G$8:$G$1007,'Carga (PSE)'!$C$8:$C$1007,$C$4,'Carga (PSE)'!$A$8:$A$1007,$B26+2)) -> 0 | F26: =IF($B26="",0,SUMIFS('Carga (PSE)'!$G$8:$G$1007,'Carga (PSE)'!$C$8:$C$1007,$C$4,'Carga (PSE)'!$A$8:$A$1007,$B26+3)) -> 0 | G26: =IF($B26="",0,SUMIFS('Carga (PSE)'!$G$8:$G$1007,'Carga (PSE)'!$C$8:$C$1007,$C$4,'Carga (PSE)'!$A$8:$A$1007,$B26+4)) -> 0 | H26: =IF($B26="",0,SUMIFS('Carga (PSE)'!$G$8:$G$1007,'Carga (PSE)'!$C$8:$C$1007,$C$4,'Carga (PSE)'!$A$8:$A$1007,$B26+5)) -> 0 | I26: =IF($B26="",0,SUMIFS('Carga (PSE)'!$G$8:$G$1007,'Carga (PSE)'!$C$8:$C$1007,$C$4,'Carga (PSE)'!$A$8:$A$1007,$B26+6)) -> 0 | J26: =SUM($C26:$I26) -> 0 | K26: =COUNTIFS('Carga (PSE)'!$C$8:$C$1007,$C$4,'Carga (PSE)'!$B$8:$B$1007,$A26) -> 0 | L26: =IF($J26=0,0,$J26/7) -> 0 | M26: =IF($J26=0,0,STDEV($C26:$I26)) -> 0 | N26: =IF($M26=0,0,$L26/$M26) -> 0 | O26: =$J26*$N26 -> 0 | P26: =IF($J26=0,"",IF($N26>2,"Monotonia alta",IF($N26>=1.5,"Atenção","Adequada")))
A27: 8 | B27: =IF(Macrociclo!$C$11="","",Macrociclo!$C$11+($A27-1)*7) -> 46076 | C27: =IF($B27="",0,SUMIFS('Carga (PSE)'!$G$8:$G$1007,'Carga (PSE)'!$C$8:$C$1007,$C$4,'Carga (PSE)'!$A$8:$A$1007,$B27+0)) -> 0 | D27: =IF($B27="",0,SUMIFS('Carga (PSE)'!$G$8:$G$1007,'Carga (PSE)'!$C$8:$C$1007,$C$4,'Carga (PSE)'!$A$8:$A$1007,$B27+1)) -> 0 | E27: =IF($B27="",0,SUMIFS('Carga (PSE)'!$G$8:$G$1007,'Carga (PSE)'!$C$8:$C$1007,$C$4,'Carga (PSE)'!$A$8:$A$1007,$B27+2)) -> 0 | F27: =IF($B27="",0,SUMIFS('Carga (PSE)'!$G$8:$G$1007,'Carga (PSE)'!$C$8:$C$1007,$C$4,'Carga (PSE)'!$A$8:$A$1007,$B27+3)) -> 0 | G27: =IF($B27="",0,SUMIFS('Carga (PSE)'!$G$8:$G$1007,'Carga (PSE)'!$C$8:$C$1007,$C$4,'Carga (PSE)'!$A$8:$A$1007,$B27+4)) -> 0 | H27: =IF($B27="",0,SUMIFS('Carga (PSE)'!$G$8:$G$1007,'Carga (PSE)'!$C$8:$C$1007,$C$4,'Carga (PSE)'!$A$8:$A$1007,$B27+5)) -> 0 | I27: =IF($B27="",0,SUMIFS('Carga (PSE)'!$G$8:$G$1007,'Carga (PSE)'!$C$8:$C$1007,$C$4,'Carga (PSE)'!$A$8:$A$1007,$B27+6)) -> 0 | J27: =SUM($C27:$I27) -> 0 | K27: =COUNTIFS('Carga (PSE)'!$C$8:$C$1007,$C$4,'Carga (PSE)'!$B$8:$B$1007,$A27) -> 0 | L27: =IF($J27=0,0,$J27/7) -> 0 | M27: =IF($J27=0,0,STDEV($C27:$I27)) -> 0 | N27: =IF($M27=0,0,$L27/$M27) -> 0 | O27: =$J27*$N27 -> 0 | P27: =IF($J27=0,"",IF($N27>2,"Monotonia alta",IF($N27>=1.5,"Atenção","Adequada")))
A28: 9 | B28: =IF(Macrociclo!$C$11="","",Macrociclo!$C$11+($A28-1)*7) -> 46083 | C28: =IF($B28="",0,SUMIFS('Carga (PSE)'!$G$8:$G$1007,'Carga (PSE)'!$C$8:$C$1007,$C$4,'Carga (PSE)'!$A$8:$A$1007,$B28+0)) -> 0 | D28: =IF($B28="",0,SUMIFS('Carga (PSE)'!$G$8:$G$1007,'Carga (PSE)'!$C$8:$C$1007,$C$4,'Carga (PSE)'!$A$8:$A$1007,$B28+1)) -> 0 | E28: =IF($B28="",0,SUMIFS('Carga (PSE)'!$G$8:$G$1007,'Carga (PSE)'!$C$8:$C$1007,$C$4,'Carga (PSE)'!$A$8:$A$1007,$B28+2)) -> 0 | F28: =IF($B28="",0,SUMIFS('Carga (PSE)'!$G$8:$G$1007,'Carga (PSE)'!$C$8:$C$1007,$C$4,'Carga (PSE)'!$A$8:$A$1007,$B28+3)) -> 0 | G28: =IF($B28="",0,SUMIFS('Carga (PSE)'!$G$8:$G$1007,'Carga (PSE)'!$C$8:$C$1007,$C$4,'Carga (PSE)'!$A$8:$A$1007,$B28+4)) -> 0 | H28: =IF($B28="",0,SUMIFS('Carga (PSE)'!$G$8:$G$1007,'Carga (PSE)'!$C$8:$C$1007,$C$4,'Carga (PSE)'!$A$8:$A$1007,$B28+5)) -> 0 | I28: =IF($B28="",0,SUMIFS('Carga (PSE)'!$G$8:$G$1007,'Carga (PSE)'!$C$8:$C$1007,$C$4,'Carga (PSE)'!$A$8:$A$1007,$B28+6)) -> 0 | J28: =SUM($C28:$I28) -> 0 | K28: =COUNTIFS('Carga (PSE)'!$C$8:$C$1007,$C$4,'Carga (PSE)'!$B$8:$B$1007,$A28) -> 0 | L28: =IF($J28=0,0,$J28/7) -> 0 | M28: =IF($J28=0,0,STDEV($C28:$I28)) -> 0 | N28: =IF($M28=0,0,$L28/$M28) -> 0 | O28: =$J28*$N28 -> 0 | P28: =IF($J28=0,"",IF($N28>2,"Monotonia alta",IF($N28>=1.5,"Atenção","Adequada")))
A29: 10 | B29: =IF(Macrociclo!$C$11="","",Macrociclo!$C$11+($A29-1)*7) -> 46090 | C29: =IF($B29="",0,SUMIFS('Carga (PSE)'!$G$8:$G$1007,'Carga (PSE)'!$C$8:$C$1007,$C$4,'Carga (PSE)'!$A$8:$A$1007,$B29+0)) -> 0 | D29: =IF($B29="",0,SUMIFS('Carga (PSE)'!$G$8:$G$1007,'Carga (PSE)'!$C$8:$C$1007,$C$4,'Carga (PSE)'!$A$8:$A$1007,$B29+1)) -> 0 | E29: =IF($B29="",0,SUMIFS('Carga (PSE)'!$G$8:$G$1007,'Carga (PSE)'!$C$8:$C$1007,$C$4,'Carga (PSE)'!$A$8:$A$1007,$B29+2)) -> 0 | F29: =IF($B29="",0,SUMIFS('Carga (PSE)'!$G$8:$G$1007,'Carga (PSE)'!$C$8:$C$1007,$C$4,'Carga (PSE)'!$A$8:$A$1007,$B29+3)) -> 0 | G29: =IF($B29="",0,SUMIFS('Carga (PSE)'!$G$8:$G$1007,'Carga (PSE)'!$C$8:$C$1007,$C$4,'Carga (PSE)'!$A$8:$A$1007,$B29+4)) -> 0 | H29: =IF($B29="",0,SUMIFS('Carga (PSE)'!$G$8:$G$1007,'Carga (PSE)'!$C$8:$C$1007,$C$4,'Carga (PSE)'!$A$8:$A$1007,$B29+5)) -> 0 | I29: =IF($B29="",0,SUMIFS('Carga (PSE)'!$G$8:$G$1007,'Carga (PSE)'!$C$8:$C$1007,$C$4,'Carga (PSE)'!$A$8:$A$1007,$B29+6)) -> 0 | J29: =SUM($C29:$I29) -> 0 | K29: =COUNTIFS('Carga (PSE)'!$C$8:$C$1007,$C$4,'Carga (PSE)'!$B$8:$B$1007,$A29) -> 0 | L29: =IF($J29=0,0,$J29/7) -> 0 | M29: =IF($J29=0,0,STDEV($C29:$I29)) -> 0 | N29: =IF($M29=0,0,$L29/$M29) -> 0 | O29: =$J29*$N29 -> 0 | P29: =IF($J29=0,"",IF($N29>2,"Monotonia alta",IF($N29>=1.5,"Atenção","Adequada")))
A30: 11 | B30: =IF(Macrociclo!$C$11="","",Macrociclo!$C$11+($A30-1)*7) -> 46097 | C30: =IF($B30="",0,SUMIFS('Carga (PSE)'!$G$8:$G$1007,'Carga (PSE)'!$C$8:$C$1007,$C$4,'Carga (PSE)'!$A$8:$A$1007,$B30+0)) -> 0 | D30: =IF($B30="",0,SUMIFS('Carga (PSE)'!$G$8:$G$1007,'Carga (PSE)'!$C$8:$C$1007,$C$4,'Carga (PSE)'!$A$8:$A$1007,$B30+1)) -> 0 | E30: =IF($B30="",0,SUMIFS('Carga (PSE)'!$G$8:$G$1007,'Carga (PSE)'!$C$8:$C$1007,$C$4,'Carga (PSE)'!$A$8:$A$1007,$B30+2)) -> 0 | F30: =IF($B30="",0,SUMIFS('Carga (PSE)'!$G$8:$G$1007,'Carga (PSE)'!$C$8:$C$1007,$C$4,'Carga (PSE)'!$A$8:$A$1007,$B30+3)) -> 0 | G30: =IF($B30="",0,SUMIFS('Carga (PSE)'!$G$8:$G$1007,'Carga (PSE)'!$C$8:$C$1007,$C$4,'Carga (PSE)'!$A$8:$A$1007,$B30+4)) -> 0 | H30: =IF($B30="",0,SUMIFS('Carga (PSE)'!$G$8:$G$1007,'Carga (PSE)'!$C$8:$C$1007,$C$4,'Carga (PSE)'!$A$8:$A$1007,$B30+5)) -> 0 | I30: =IF($B30="",0,SUMIFS('Carga (PSE)'!$G$8:$G$1007,'Carga (PSE)'!$C$8:$C$1007,$C$4,'Carga (PSE)'!$A$8:$A$1007,$B30+6)) -> 0 | J30: =SUM($C30:$I30) -> 0 | K30: =COUNTIFS('Carga (PSE)'!$C$8:$C$1007,$C$4,'Carga (PSE)'!$B$8:$B$1007,$A30) -> 0 | L30: =IF($J30=0,0,$J30/7) -> 0 | M30: =IF($J30=0,0,STDEV($C30:$I30)) -> 0 | N30: =IF($M30=0,0,$L30/$M30) -> 0 | O30: =$J30*$N30 -> 0 | P30: =IF($J30=0,"",IF($N30>2,"Monotonia alta",IF($N30>=1.5,"Atenção","Adequada")))
A31: 12 | B31: =IF(Macrociclo!$C$11="","",Macrociclo!$C$11+($A31-1)*7) -> 46104 | C31: =IF($B31="",0,SUMIFS('Carga (PSE)'!$G$8:$G$1007,'Carga (PSE)'!$C$8:$C$1007,$C$4,'Carga (PSE)'!$A$8:$A$1007,$B31+0)) -> 0 | D31: =IF($B31="",0,SUMIFS('Carga (PSE)'!$G$8:$G$1007,'Carga (PSE)'!$C$8:$C$1007,$C$4,'Carga (PSE)'!$A$8:$A$1007,$B31+1)) -> 0 | E31: =IF($B31="",0,SUMIFS('Carga (PSE)'!$G$8:$G$1007,'Carga (PSE)'!$C$8:$C$1007,$C$4,'Carga (PSE)'!$A$8:$A$1007,$B31+2)) -> 0 | F31: =IF($B31="",0,SUMIFS('Carga (PSE)'!$G$8:$G$1007,'Carga (PSE)'!$C$8:$C$1007,$C$4,'Carga (PSE)'!$A$8:$A$1007,$B31+3)) -> 0 | G31: =IF($B31="",0,SUMIFS('Carga (PSE)'!$G$8:$G$1007,'Carga (PSE)'!$C$8:$C$1007,$C$4,'Carga (PSE)'!$A$8:$A$1007,$B31+4)) -> 0 | H31: =IF($B31="",0,SUMIFS('Carga (PSE)'!$G$8:$G$1007,'Carga (PSE)'!$C$8:$C$1007,$C$4,'Carga (PSE)'!$A$8:$A$1007,$B31+5)) -> 0 | I31: =IF($B31="",0,SUMIFS('Carga (PSE)'!$G$8:$G$1007,'Carga (PSE)'!$C$8:$C$1007,$C$4,'Carga (PSE)'!$A$8:$A$1007,$B31+6)) -> 0 | J31: =SUM($C31:$I31) -> 0 | K31: =COUNTIFS('Carga (PSE)'!$C$8:$C$1007,$C$4,'Carga (PSE)'!$B$8:$B$1007,$A31) -> 0 | L31: =IF($J31=0,0,$J31/7) -> 0 | M31: =IF($J31=0,0,STDEV($C31:$I31)) -> 0 | N31: =IF($M31=0,0,$L31/$M31) -> 0 | O31: =$J31*$N31 -> 0 | P31: =IF($J31=0,"",IF($N31>2,"Monotonia alta",IF($N31>=1.5,"Atenção","Adequada")))
... A67: 48 | B67: =IF(Macrociclo!$C$11="","",Macrociclo!$C$11+($A67-1)*7) -> 46356 | C67: =IF($B67="",0,SUMIFS('Carga (PSE)'!$G$8:$G$1007,'Carga (PSE)'!$C$8:$C$1007,$C$4,'Carga (PSE)'!$A$8:$A$1007,$B67+0)) -> 0 | D67: =IF($B67="",0,SUMIFS('Carga (PSE)'!$G$8:$G$1007,'Carga (PSE)'!$C$8:$C$1007,$C$4,'Carga (PSE)'!$A$8:$A$1007,$B67+1)) -> 0 | E67: =IF($B67="",0,SUMIFS('Carga (PSE)'!$G$8:$G$1007,'Carga (PSE)'!$C$8:$C$1007,$C$4,'Carga (PSE)'!$A$8:$A$1007,$B67+2)) -> 0 | F67: =IF($B67="",0,SUMIFS('Carga (PSE)'!$G$8:$G$1007,'Carga (PSE)'!$C$8:$C$1007,$C$4,'Carga (PSE)'!$A$8:$A$1007,$B67+3)) -> 0 | G67: =IF($B67="",0,SUMIFS('Carga (PSE)'!$G$8:$G$1007,'Carga (PSE)'!$C$8:$C$1007,$C$4,'Carga (PSE)'!$A$8:$A$1007,$B67+4)) -> 0 | H67: =IF($B67="",0,SUMIFS('Carga (PSE)'!$G$8:$G$1007,'Carga (PSE)'!$C$8:$C$1007,$C$4,'Carga (PSE)'!$A$8:$A$1007,$B67+5)) -> 0 | I67: =IF($B67="",0,SUMIFS('Carga (PSE)'!$G$8:$G$1007,'Carga (PSE)'!$C$8:$C$1007,$C$4,'Carga (PSE)'!$A$8:$A$1007,$B67+6)) -> 0 | J67: =SUM($C67:$I67) -> 0 | K67: =COUNTIFS('Carga (PSE)'!$C$8:$C$1007,$C$4,'Carga (PSE)'!$B$8:$B$1007,$A67) -> 0 | L67: =IF($J67=0,0,$J67/7) -> 0 | M67: =IF($J67=0,0,STDEV($C67:$I67)) -> 0 | N67: =IF($M67=0,0,$L67/$M67) -> 0 | O67: =$J67*$N67 -> 0 | P67: =IF($J67=0,"",IF($N67>2,"Monotonia alta",IF($N67>=1.5,"Atenção","Adequada")))
A70: MEU TREINO PRESCRITO (a partir da data informada em C5)
A71: Data | B71: Sessão | C71: Bloco | D71: Exercício | E71: Capacidade Física | F71: Séries | G71: Reps / Tempo | H71: Carga / Intensidade | I71: Pausa (s) | J71: Duração (min) | K71: PSE Prev. | L71: Progressão / Critério | M71: Observações
A72: =IFERROR(INDEX(Prescrição!$A$8:$A$507,MATCH(1,Prescrição!$U$8:$U$507,0)),"") | B72: =IFERROR(INDEX(Prescrição!$C$8:$C$507,MATCH(1,Prescrição!$U$8:$U$507,0)),"") | C72: =IFERROR(INDEX(Prescrição!$F$8:$F$507,MATCH(1,Prescrição!$U$8:$U$507,0)),"") | D72: =IFERROR(INDEX(Prescrição!$G$8:$G$507,MATCH(1,Prescrição!$U$8:$U$507,0)),"") | E72: =IFERROR(INDEX(Prescrição!$J$8:$J$507,MATCH(1,Prescrição!$U$8:$U$507,0)),"") | F72: =IFERROR(INDEX(Prescrição!$K$8:$K$507,MATCH(1,Prescrição!$U$8:$U$507,0)),"") | G72: =IFERROR(INDEX(Prescrição!$L$8:$L$507,MATCH(1,Prescrição!$U$8:$U$507,0)),"") | H72: =IFERROR(INDEX(Prescrição!$M$8:$M$507,MATCH(1,Prescrição!$U$8:$U$507,0)),"") | I72: =IFERROR(INDEX(Prescrição!$N$8:$N$507,MATCH(1,Prescrição!$U$8:$U$507,0)),"") | J72: =IFERROR(INDEX(Prescrição!$O$8:$O$507,MATCH(1,Prescrição!$U$8:$U$507,0)),"") | K72: =IFERROR(INDEX(Prescrição!$P$8:$P$507,MATCH(1,Prescrição!$U$8:$U$507,0)),"") | L72: =IFERROR(INDEX(Prescrição!$S$8:$S$507,MATCH(1,Prescrição!$U$8:$U$507,0)),"") | M72: =IFERROR(INDEX(Prescrição!$T$8:$T$507,MATCH(1,Prescrição!$U$8:$U$507,0)),"")
A73: =IFERROR(INDEX(Prescrição!$A$8:$A$507,MATCH(2,Prescrição!$U$8:$U$507,0)),"") | B73: =IFERROR(INDEX(Prescrição!$C$8:$C$507,MATCH(2,Prescrição!$U$8:$U$507,0)),"") | C73: =IFERROR(INDEX(Prescrição!$F$8:$F$507,MATCH(2,Prescrição!$U$8:$U$507,0)),"") | D73: =IFERROR(INDEX(Prescrição!$G$8:$G$507,MATCH(2,Prescrição!$U$8:$U$507,0)),"") | E73: =IFERROR(INDEX(Prescrição!$J$8:$J$507,MATCH(2,Prescrição!$U$8:$U$507,0)),"") | F73: =IFERROR(INDEX(Prescrição!$K$8:$K$507,MATCH(2,Prescrição!$U$8:$U$507,0)),"") | G73: =IFERROR(INDEX(Prescrição!$L$8:$L$507,MATCH(2,Prescrição!$U$8:$U$507,0)),"") | H73: =IFERROR(INDEX(Prescrição!$M$8:$M$507,MATCH(2,Prescrição!$U$8:$U$507,0)),"") | I73: =IFERROR(INDEX(Prescrição!$N$8:$N$507,MATCH(2,Prescrição!$U$8:$U$507,0)),"") | J73: =IFERROR(INDEX(Prescrição!$O$8:$O$507,MATCH(2,Prescrição!$U$8:$U$507,0)),"") | K73: =IFERROR(INDEX(Prescrição!$P$8:$P$507,MATCH(2,Prescrição!$U$8:$U$507,0)),"") | L73: =IFERROR(INDEX(Prescrição!$S$8:$S$507,MATCH(2,Prescrição!$U$8:$U$507,0)),"") | M73: =IFERROR(INDEX(Prescrição!$T$8:$T$507,MATCH(2,Prescrição!$U$8:$U$507,0)),"")
A74: =IFERROR(INDEX(Prescrição!$A$8:$A$507,MATCH(3,Prescrição!$U$8:$U$507,0)),"") | B74: =IFERROR(INDEX(Prescrição!$C$8:$C$507,MATCH(3,Prescrição!$U$8:$U$507,0)),"") | C74: =IFERROR(INDEX(Prescrição!$F$8:$F$507,MATCH(3,Prescrição!$U$8:$U$507,0)),"") | D74: =IFERROR(INDEX(Prescrição!$G$8:$G$507,MATCH(3,Prescrição!$U$8:$U$507,0)),"") | E74: =IFERROR(INDEX(Prescrição!$J$8:$J$507,MATCH(3,Prescrição!$U$8:$U$507,0)),"") | F74: =IFERROR(INDEX(Prescrição!$K$8:$K$507,MATCH(3,Prescrição!$U$8:$U$507,0)),"") | G74: =IFERROR(INDEX(Prescrição!$L$8:$L$507,MATCH(3,Prescrição!$U$8:$U$507,0)),"") | H74: =IFERROR(INDEX(Prescrição!$M$8:$M$507,MATCH(3,Prescrição!$U$8:$U$507,0)),"") | I74: =IFERROR(INDEX(Prescrição!$N$8:$N$507,MATCH(3,Prescrição!$U$8:$U$507,0)),"") | J74: =IFERROR(INDEX(Prescrição!$O$8:$O$507,MATCH(3,Prescrição!$U$8:$U$507,0)),"") | K74: =IFERROR(INDEX(Prescrição!$P$8:$P$507,MATCH(3,Prescrição!$U$8:$U$507,0)),"") | L74: =IFERROR(INDEX(Prescrição!$S$8:$S$507,MATCH(3,Prescrição!$U$8:$U$507,0)),"") | M74: =IFERROR(INDEX(Prescrição!$T$8:$T$507,MATCH(3,Prescrição!$U$8:$U$507,0)),"")
A75: =IFERROR(INDEX(Prescrição!$A$8:$A$507,MATCH(4,Prescrição!$U$8:$U$507,0)),"") | B75: =IFERROR(INDEX(Prescrição!$C$8:$C$507,MATCH(4,Prescrição!$U$8:$U$507,0)),"") | C75: =IFERROR(INDEX(Prescrição!$F$8:$F$507,MATCH(4,Prescrição!$U$8:$U$507,0)),"") | D75: =IFERROR(INDEX(Prescrição!$G$8:$G$507,MATCH(4,Prescrição!$U$8:$U$507,0)),"") | E75: =IFERROR(INDEX(Prescrição!$J$8:$J$507,MATCH(4,Prescrição!$U$8:$U$507,0)),"") | F75: =IFERROR(INDEX(Prescrição!$K$8:$K$507,MATCH(4,Prescrição!$U$8:$U$507,0)),"") | G75: =IFERROR(INDEX(Prescrição!$L$8:$L$507,MATCH(4,Prescrição!$U$8:$U$507,0)),"") | H75: =IFERROR(INDEX(Prescrição!$M$8:$M$507,MATCH(4,Prescrição!$U$8:$U$507,0)),"") | I75: =IFERROR(INDEX(Prescrição!$N$8:$N$507,MATCH(4,Prescrição!$U$8:$U$507,0)),"") | J75: =IFERROR(INDEX(Prescrição!$O$8:$O$507,MATCH(4,Prescrição!$U$8:$U$507,0)),"") | K75: =IFERROR(INDEX(Prescrição!$P$8:$P$507,MATCH(4,Prescrição!$U$8:$U$507,0)),"") | L75: =IFERROR(INDEX(Prescrição!$S$8:$S$507,MATCH(4,Prescrição!$U$8:$U$507,0)),"") | M75: =IFERROR(INDEX(Prescrição!$T$8:$T$507,MATCH(4,Prescrição!$U$8:$U$507,0)),"")
A76: =IFERROR(INDEX(Prescrição!$A$8:$A$507,MATCH(5,Prescrição!$U$8:$U$507,0)),"") | B76: =IFERROR(INDEX(Prescrição!$C$8:$C$507,MATCH(5,Prescrição!$U$8:$U$507,0)),"") | C76: =IFERROR(INDEX(Prescrição!$F$8:$F$507,MATCH(5,Prescrição!$U$8:$U$507,0)),"") | D76: =IFERROR(INDEX(Prescrição!$G$8:$G$507,MATCH(5,Prescrição!$U$8:$U$507,0)),"") | E76: =IFERROR(INDEX(Prescrição!$J$8:$J$507,MATCH(5,Prescrição!$U$8:$U$507,0)),"") | F76: =IFERROR(INDEX(Prescrição!$K$8:$K$507,MATCH(5,Prescrição!$U$8:$U$507,0)),"") | G76: =IFERROR(INDEX(Prescrição!$L$8:$L$507,MATCH(5,Prescrição!$U$8:$U$507,0)),"") | H76: =IFERROR(INDEX(Prescrição!$M$8:$M$507,MATCH(5,Prescrição!$U$8:$U$507,0)),"") | I76: =IFERROR(INDEX(Prescrição!$N$8:$N$507,MATCH(5,Prescrição!$U$8:$U$507,0)),"") | J76: =IFERROR(INDEX(Prescrição!$O$8:$O$507,MATCH(5,Prescrição!$U$8:$U$507,0)),"") | K76: =IFERROR(INDEX(Prescrição!$P$8:$P$507,MATCH(5,Prescrição!$U$8:$U$507,0)),"") | L76: =IFERROR(INDEX(Prescrição!$S$8:$S$507,MATCH(5,Prescrição!$U$8:$U$507,0)),"") | M76: =IFERROR(INDEX(Prescrição!$T$8:$T$507,MATCH(5,Prescrição!$U$8:$U$507,0)),"")
A77: =IFERROR(INDEX(Prescrição!$A$8:$A$507,MATCH(6,Prescrição!$U$8:$U$507,0)),"") | B77: =IFERROR(INDEX(Prescrição!$C$8:$C$507,MATCH(6,Prescrição!$U$8:$U$507,0)),"") | C77: =IFERROR(INDEX(Prescrição!$F$8:$F$507,MATCH(6,Prescrição!$U$8:$U$507,0)),"") | D77: =IFERROR(INDEX(Prescrição!$G$8:$G$507,MATCH(6,Prescrição!$U$8:$U$507,0)),"") | E77: =IFERROR(INDEX(Prescrição!$J$8:$J$507,MATCH(6,Prescrição!$U$8:$U$507,0)),"") | F77: =IFERROR(INDEX(Prescrição!$K$8:$K$507,MATCH(6,Prescrição!$U$8:$U$507,0)),"") | G77: =IFERROR(INDEX(Prescrição!$L$8:$L$507,MATCH(6,Prescrição!$U$8:$U$507,0)),"") | H77: =IFERROR(INDEX(Prescrição!$M$8:$M$507,MATCH(6,Prescrição!$U$8:$U$507,0)),"") | I77: =IFERROR(INDEX(Prescrição!$N$8:$N$507,MATCH(6,Prescrição!$U$8:$U$507,0)),"") | J77: =IFERROR(INDEX(Prescrição!$O$8:$O$507,MATCH(6,Prescrição!$U$8:$U$507,0)),"") | K77: =IFERROR(INDEX(Prescrição!$P$8:$P$507,MATCH(6,Prescrição!$U$8:$U$507,0)),"") | L77: =IFERROR(INDEX(Prescrição!$S$8:$S$507,MATCH(6,Prescrição!$U$8:$U$507,0)),"") | M77: =IFERROR(INDEX(Prescrição!$T$8:$T$507,MATCH(6,Prescrição!$U$8:$U$507,0)),"")
A78: =IFERROR(INDEX(Prescrição!$A$8:$A$507,MATCH(7,Prescrição!$U$8:$U$507,0)),"") | B78: =IFERROR(INDEX(Prescrição!$C$8:$C$507,MATCH(7,Prescrição!$U$8:$U$507,0)),"") | C78: =IFERROR(INDEX(Prescrição!$F$8:$F$507,MATCH(7,Prescrição!$U$8:$U$507,0)),"") | D78: =IFERROR(INDEX(Prescrição!$G$8:$G$507,MATCH(7,Prescrição!$U$8:$U$507,0)),"") | E78: =IFERROR(INDEX(Prescrição!$J$8:$J$507,MATCH(7,Prescrição!$U$8:$U$507,0)),"") | F78: =IFERROR(INDEX(Prescrição!$K$8:$K$507,MATCH(7,Prescrição!$U$8:$U$507,0)),"") | G78: =IFERROR(INDEX(Prescrição!$L$8:$L$507,MATCH(7,Prescrição!$U$8:$U$507,0)),"") | H78: =IFERROR(INDEX(Prescrição!$M$8:$M$507,MATCH(7,Prescrição!$U$8:$U$507,0)),"") | I78: =IFERROR(INDEX(Prescrição!$N$8:$N$507,MATCH(7,Prescrição!$U$8:$U$507,0)),"") | J78: =IFERROR(INDEX(Prescrição!$O$8:$O$507,MATCH(7,Prescrição!$U$8:$U$507,0)),"") | K78: =IFERROR(INDEX(Prescrição!$P$8:$P$507,MATCH(7,Prescrição!$U$8:$U$507,0)),"") | L78: =IFERROR(INDEX(Prescrição!$S$8:$S$507,MATCH(7,Prescrição!$U$8:$U$507,0)),"") | M78: =IFERROR(INDEX(Prescrição!$T$8:$T$507,MATCH(7,Prescrição!$U$8:$U$507,0)),"")
A79: =IFERROR(INDEX(Prescrição!$A$8:$A$507,MATCH(8,Prescrição!$U$8:$U$507,0)),"") | B79: =IFERROR(INDEX(Prescrição!$C$8:$C$507,MATCH(8,Prescrição!$U$8:$U$507,0)),"") | C79: =IFERROR(INDEX(Prescrição!$F$8:$F$507,MATCH(8,Prescrição!$U$8:$U$507,0)),"") | D79: =IFERROR(INDEX(Prescrição!$G$8:$G$507,MATCH(8,Prescrição!$U$8:$U$507,0)),"") | E79: =IFERROR(INDEX(Prescrição!$J$8:$J$507,MATCH(8,Prescrição!$U$8:$U$507,0)),"") | F79: =IFERROR(INDEX(Prescrição!$K$8:$K$507,MATCH(8,Prescrição!$U$8:$U$507,0)),"") | G79: =IFERROR(INDEX(Prescrição!$L$8:$L$507,MATCH(8,Prescrição!$U$8:$U$507,0)),"") | H79: =IFERROR(INDEX(Prescrição!$M$8:$M$507,MATCH(8,Prescrição!$U$8:$U$507,0)),"") | I79: =IFERROR(INDEX(Prescrição!$N$8:$N$507,MATCH(8,Prescrição!$U$8:$U$507,0)),"") | J79: =IFERROR(INDEX(Prescrição!$O$8:$O$507,MATCH(8,Prescrição!$U$8:$U$507,0)),"") | K79: =IFERROR(INDEX(Prescrição!$P$8:$P$507,MATCH(8,Prescrição!$U$8:$U$507,0)),"") | L79: =IFERROR(INDEX(Prescrição!$S$8:$S$507,MATCH(8,Prescrição!$U$8:$U$507,0)),"") | M79: =IFERROR(INDEX(Prescrição!$T$8:$T$507,MATCH(8,Prescrição!$U$8:$U$507,0)),"")
A80: =IFERROR(INDEX(Prescrição!$A$8:$A$507,MATCH(9,Prescrição!$U$8:$U$507,0)),"") | B80: =IFERROR(INDEX(Prescrição!$C$8:$C$507,MATCH(9,Prescrição!$U$8:$U$507,0)),"") | C80: =IFERROR(INDEX(Prescrição!$F$8:$F$507,MATCH(9,Prescrição!$U$8:$U$507,0)),"") | D80: =IFERROR(INDEX(Prescrição!$G$8:$G$507,MATCH(9,Prescrição!$U$8:$U$507,0)),"") | E80: =IFERROR(INDEX(Prescrição!$J$8:$J$507,MATCH(9,Prescrição!$U$8:$U$507,0)),"") | F80: =IFERROR(INDEX(Prescrição!$K$8:$K$507,MATCH(9,Prescrição!$U$8:$U$507,0)),"") | G80: =IFERROR(INDEX(Prescrição!$L$8:$L$507,MATCH(9,Prescrição!$U$8:$U$507,0)),"") | H80: =IFERROR(INDEX(Prescrição!$M$8:$M$507,MATCH(9,Prescrição!$U$8:$U$507,0)),"") | I80: =IFERROR(INDEX(Prescrição!$N$8:$N$507,MATCH(9,Prescrição!$U$8:$U$507,0)),"") | J80: =IFERROR(INDEX(Prescrição!$O$8:$O$507,MATCH(9,Prescrição!$U$8:$U$507,0)),"") | K80: =IFERROR(INDEX(Prescrição!$P$8:$P$507,MATCH(9,Prescrição!$U$8:$U$507,0)),"") | L80: =IFERROR(INDEX(Prescrição!$S$8:$S$507,MATCH(9,Prescrição!$U$8:$U$507,0)),"") | M80: =IFERROR(INDEX(Prescrição!$T$8:$T$507,MATCH(9,Prescrição!$U$8:$U$507,0)),"")
A81: =IFERROR(INDEX(Prescrição!$A$8:$A$507,MATCH(10,Prescrição!$U$8:$U$507,0)),"") | B81: =IFERROR(INDEX(Prescrição!$C$8:$C$507,MATCH(10,Prescrição!$U$8:$U$507,0)),"") | C81: =IFERROR(INDEX(Prescrição!$F$8:$F$507,MATCH(10,Prescrição!$U$8:$U$507,0)),"") | D81: =IFERROR(INDEX(Prescrição!$G$8:$G$507,MATCH(10,Prescrição!$U$8:$U$507,0)),"") | E81: =IFERROR(INDEX(Prescrição!$J$8:$J$507,MATCH(10,Prescrição!$U$8:$U$507,0)),"") | F81: =IFERROR(INDEX(Prescrição!$K$8:$K$507,MATCH(10,Prescrição!$U$8:$U$507,0)),"") | G81: =IFERROR(INDEX(Prescrição!$L$8:$L$507,MATCH(10,Prescrição!$U$8:$U$507,0)),"") | H81: =IFERROR(INDEX(Prescrição!$M$8:$M$507,MATCH(10,Prescrição!$U$8:$U$507,0)),"") | I81: =IFERROR(INDEX(Prescrição!$N$8:$N$507,MATCH(10,Prescrição!$U$8:$U$507,0)),"") | J81: =IFERROR(INDEX(Prescrição!$O$8:$O$507,MATCH(10,Prescrição!$U$8:$U$507,0)),"") | K81: =IFERROR(INDEX(Prescrição!$P$8:$P$507,MATCH(10,Prescrição!$U$8:$U$507,0)),"") | L81: =IFERROR(INDEX(Prescrição!$S$8:$S$507,MATCH(10,Prescrição!$U$8:$U$507,0)),"") | M81: =IFERROR(INDEX(Prescrição!$T$8:$T$507,MATCH(10,Prescrição!$U$8:$U$507,0)),"")
A82: =IFERROR(INDEX(Prescrição!$A$8:$A$507,MATCH(11,Prescrição!$U$8:$U$507,0)),"") | B82: =IFERROR(INDEX(Prescrição!$C$8:$C$507,MATCH(11,Prescrição!$U$8:$U$507,0)),"") | C82: =IFERROR(INDEX(Prescrição!$F$8:$F$507,MATCH(11,Prescrição!$U$8:$U$507,0)),"") | D82: =IFERROR(INDEX(Prescrição!$G$8:$G$507,MATCH(11,Prescrição!$U$8:$U$507,0)),"") | E82: =IFERROR(INDEX(Prescrição!$J$8:$J$507,MATCH(11,Prescrição!$U$8:$U$507,0)),"") | F82: =IFERROR(INDEX(Prescrição!$K$8:$K$507,MATCH(11,Prescrição!$U$8:$U$507,0)),"") | G82: =IFERROR(INDEX(Prescrição!$L$8:$L$507,MATCH(11,Prescrição!$U$8:$U$507,0)),"") | H82: =IFERROR(INDEX(Prescrição!$M$8:$M$507,MATCH(11,Prescrição!$U$8:$U$507,0)),"") | I82: =IFERROR(INDEX(Prescrição!$N$8:$N$507,MATCH(11,Prescrição!$U$8:$U$507,0)),"") | J82: =IFERROR(INDEX(Prescrição!$O$8:$O$507,MATCH(11,Prescrição!$U$8:$U$507,0)),"") | K82: =IFERROR(INDEX(Prescrição!$P$8:$P$507,MATCH(11,Prescrição!$U$8:$U$507,0)),"") | L82: =IFERROR(INDEX(Prescrição!$S$8:$S$507,MATCH(11,Prescrição!$U$8:$U$507,0)),"") | M82: =IFERROR(INDEX(Prescrição!$T$8:$T$507,MATCH(11,Prescrição!$U$8:$U$507,0)),"")
A83: =IFERROR(INDEX(Prescrição!$A$8:$A$507,MATCH(12,Prescrição!$U$8:$U$507,0)),"") | B83: =IFERROR(INDEX(Prescrição!$C$8:$C$507,MATCH(12,Prescrição!$U$8:$U$507,0)),"") | C83: =IFERROR(INDEX(Prescrição!$F$8:$F$507,MATCH(12,Prescrição!$U$8:$U$507,0)),"") | D83: =IFERROR(INDEX(Prescrição!$G$8:$G$507,MATCH(12,Prescrição!$U$8:$U$507,0)),"") | E83: =IFERROR(INDEX(Prescrição!$J$8:$J$507,MATCH(12,Prescrição!$U$8:$U$507,0)),"") | F83: =IFERROR(INDEX(Prescrição!$K$8:$K$507,MATCH(12,Prescrição!$U$8:$U$507,0)),"") | G83: =IFERROR(INDEX(Prescrição!$L$8:$L$507,MATCH(12,Prescrição!$U$8:$U$507,0)),"") | H83: =IFERROR(INDEX(Prescrição!$M$8:$M$507,MATCH(12,Prescrição!$U$8:$U$507,0)),"") | I83: =IFERROR(INDEX(Prescrição!$N$8:$N$507,MATCH(12,Prescrição!$U$8:$U$507,0)),"") | J83: =IFERROR(INDEX(Prescrição!$O$8:$O$507,MATCH(12,Prescrição!$U$8:$U$507,0)),"") | K83: =IFERROR(INDEX(Prescrição!$P$8:$P$507,MATCH(12,Prescrição!$U$8:$U$507,0)),"") | L83: =IFERROR(INDEX(Prescrição!$S$8:$S$507,MATCH(12,Prescrição!$U$8:$U$507,0)),"") | M83: =IFERROR(INDEX(Prescrição!$T$8:$T$507,MATCH(12,Prescrição!$U$8:$U$507,0)),"")
A84: =IFERROR(INDEX(Prescrição!$A$8:$A$507,MATCH(13,Prescrição!$U$8:$U$507,0)),"") | B84: =IFERROR(INDEX(Prescrição!$C$8:$C$507,MATCH(13,Prescrição!$U$8:$U$507,0)),"") | C84: =IFERROR(INDEX(Prescrição!$F$8:$F$507,MATCH(13,Prescrição!$U$8:$U$507,0)),"") | D84: =IFERROR(INDEX(Prescrição!$G$8:$G$507,MATCH(13,Prescrição!$U$8:$U$507,0)),"") | E84: =IFERROR(INDEX(Prescrição!$J$8:$J$507,MATCH(13,Prescrição!$U$8:$U$507,0)),"") | F84: =IFERROR(INDEX(Prescrição!$K$8:$K$507,MATCH(13,Prescrição!$U$8:$U$507,0)),"") | G84: =IFERROR(INDEX(Prescrição!$L$8:$L$507,MATCH(13,Prescrição!$U$8:$U$507,0)),"") | H84: =IFERROR(INDEX(Prescrição!$M$8:$M$507,MATCH(13,Prescrição!$U$8:$U$507,0)),"") | I84: =IFERROR(INDEX(Prescrição!$N$8:$N$507,MATCH(13,Prescrição!$U$8:$U$507,0)),"") | J84: =IFERROR(INDEX(Prescrição!$O$8:$O$507,MATCH(13,Prescrição!$U$8:$U$507,0)),"") | K84: =IFERROR(INDEX(Prescrição!$P$8:$P$507,MATCH(13,Prescrição!$U$8:$U$507,0)),"") | L84: =IFERROR(INDEX(Prescrição!$S$8:$S$507,MATCH(13,Prescrição!$U$8:$U$507,0)),"") | M84: =IFERROR(INDEX(Prescrição!$T$8:$T$507,MATCH(13,Prescrição!$U$8:$U$507,0)),"")
A85: =IFERROR(INDEX(Prescrição!$A$8:$A$507,MATCH(14,Prescrição!$U$8:$U$507,0)),"") | B85: =IFERROR(INDEX(Prescrição!$C$8:$C$507,MATCH(14,Prescrição!$U$8:$U$507,0)),"") | C85: =IFERROR(INDEX(Prescrição!$F$8:$F$507,MATCH(14,Prescrição!$U$8:$U$507,0)),"") | D85: =IFERROR(INDEX(Prescrição!$G$8:$G$507,MATCH(14,Prescrição!$U$8:$U$507,0)),"") | E85: =IFERROR(INDEX(Prescrição!$J$8:$J$507,MATCH(14,Prescrição!$U$8:$U$507,0)),"") | F85: =IFERROR(INDEX(Prescrição!$K$8:$K$507,MATCH(14,Prescrição!$U$8:$U$507,0)),"") | G85: =IFERROR(INDEX(Prescrição!$L$8:$L$507,MATCH(14,Prescrição!$U$8:$U$507,0)),"") | H85: =IFERROR(INDEX(Prescrição!$M$8:$M$507,MATCH(14,Prescrição!$U$8:$U$507,0)),"") | I85: =IFERROR(INDEX(Prescrição!$N$8:$N$507,MATCH(14,Prescrição!$U$8:$U$507,0)),"") | J85: =IFERROR(INDEX(Prescrição!$O$8:$O$507,MATCH(14,Prescrição!$U$8:$U$507,0)),"") | K85: =IFERROR(INDEX(Prescrição!$P$8:$P$507,MATCH(14,Prescrição!$U$8:$U$507,0)),"") | L85: =IFERROR(INDEX(Prescrição!$S$8:$S$507,MATCH(14,Prescrição!$U$8:$U$507,0)),"") | M85: =IFERROR(INDEX(Prescrição!$T$8:$T$507,MATCH(14,Prescrição!$U$8:$U$507,0)),"")
A86: =IFERROR(INDEX(Prescrição!$A$8:$A$507,MATCH(15,Prescrição!$U$8:$U$507,0)),"") | B86: =IFERROR(INDEX(Prescrição!$C$8:$C$507,MATCH(15,Prescrição!$U$8:$U$507,0)),"") | C86: =IFERROR(INDEX(Prescrição!$F$8:$F$507,MATCH(15,Prescrição!$U$8:$U$507,0)),"") | D86: =IFERROR(INDEX(Prescrição!$G$8:$G$507,MATCH(15,Prescrição!$U$8:$U$507,0)),"") | E86: =IFERROR(INDEX(Prescrição!$J$8:$J$507,MATCH(15,Prescrição!$U$8:$U$507,0)),"") | F86: =IFERROR(INDEX(Prescrição!$K$8:$K$507,MATCH(15,Prescrição!$U$8:$U$507,0)),"") | G86: =IFERROR(INDEX(Prescrição!$L$8:$L$507,MATCH(15,Prescrição!$U$8:$U$507,0)),"") | H86: =IFERROR(INDEX(Prescrição!$M$8:$M$507,MATCH(15,Prescrição!$U$8:$U$507,0)),"") | I86: =IFERROR(INDEX(Prescrição!$N$8:$N$507,MATCH(15,Prescrição!$U$8:$U$507,0)),"") | J86: =IFERROR(INDEX(Prescrição!$O$8:$O$507,MATCH(15,Prescrição!$U$8:$U$507,0)),"") | K86: =IFERROR(INDEX(Prescrição!$P$8:$P$507,MATCH(15,Prescrição!$U$8:$U$507,0)),"") | L86: =IFERROR(INDEX(Prescrição!$S$8:$S$507,MATCH(15,Prescrição!$U$8:$U$507,0)),"") | M86: =IFERROR(INDEX(Prescrição!$T$8:$T$507,MATCH(15,Prescrição!$U$8:$U$507,0)),"")
A87: =IFERROR(INDEX(Prescrição!$A$8:$A$507,MATCH(16,Prescrição!$U$8:$U$507,0)),"") | B87: =IFERROR(INDEX(Prescrição!$C$8:$C$507,MATCH(16,Prescrição!$U$8:$U$507,0)),"") | C87: =IFERROR(INDEX(Prescrição!$F$8:$F$507,MATCH(16,Prescrição!$U$8:$U$507,0)),"") | D87: =IFERROR(INDEX(Prescrição!$G$8:$G$507,MATCH(16,Prescrição!$U$8:$U$507,0)),"") | E87: =IFERROR(INDEX(Prescrição!$J$8:$J$507,MATCH(16,Prescrição!$U$8:$U$507,0)),"") | F87: =IFERROR(INDEX(Prescrição!$K$8:$K$507,MATCH(16,Prescrição!$U$8:$U$507,0)),"") | G87: =IFERROR(INDEX(Prescrição!$L$8:$L$507,MATCH(16,Prescrição!$U$8:$U$507,0)),"") | H87: =IFERROR(INDEX(Prescrição!$M$8:$M$507,MATCH(16,Prescrição!$U$8:$U$507,0)),"") | I87: =IFERROR(INDEX(Prescrição!$N$8:$N$507,MATCH(16,Prescrição!$U$8:$U$507,0)),"") | J87: =IFERROR(INDEX(Prescrição!$O$8:$O$507,MATCH(16,Prescrição!$U$8:$U$507,0)),"") | K87: =IFERROR(INDEX(Prescrição!$P$8:$P$507,MATCH(16,Prescrição!$U$8:$U$507,0)),"") | L87: =IFERROR(INDEX(Prescrição!$S$8:$S$507,MATCH(16,Prescrição!$U$8:$U$507,0)),"") | M87: =IFERROR(INDEX(Prescrição!$T$8:$T$507,MATCH(16,Prescrição!$U$8:$U$507,0)),"")
A88: =IFERROR(INDEX(Prescrição!$A$8:$A$507,MATCH(17,Prescrição!$U$8:$U$507,0)),"") | B88: =IFERROR(INDEX(Prescrição!$C$8:$C$507,MATCH(17,Prescrição!$U$8:$U$507,0)),"") | C88: =IFERROR(INDEX(Prescrição!$F$8:$F$507,MATCH(17,Prescrição!$U$8:$U$507,0)),"") | D88: =IFERROR(INDEX(Prescrição!$G$8:$G$507,MATCH(17,Prescrição!$U$8:$U$507,0)),"") | E88: =IFERROR(INDEX(Prescrição!$J$8:$J$507,MATCH(17,Prescrição!$U$8:$U$507,0)),"") | F88: =IFERROR(INDEX(Prescrição!$K$8:$K$507,MATCH(17,Prescrição!$U$8:$U$507,0)),"") | G88: =IFERROR(INDEX(Prescrição!$L$8:$L$507,MATCH(17,Prescrição!$U$8:$U$507,0)),"") | H88: =IFERROR(INDEX(Prescrição!$M$8:$M$507,MATCH(17,Prescrição!$U$8:$U$507,0)),"") | I88: =IFERROR(INDEX(Prescrição!$N$8:$N$507,MATCH(17,Prescrição!$U$8:$U$507,0)),"") | J88: =IFERROR(INDEX(Prescrição!$O$8:$O$507,MATCH(17,Prescrição!$U$8:$U$507,0)),"") | K88: =IFERROR(INDEX(Prescrição!$P$8:$P$507,MATCH(17,Prescrição!$U$8:$U$507,0)),"") | L88: =IFERROR(INDEX(Prescrição!$S$8:$S$507,MATCH(17,Prescrição!$U$8:$U$507,0)),"") | M88: =IFERROR(INDEX(Prescrição!$T$8:$T$507,MATCH(17,Prescrição!$U$8:$U$507,0)),"")
A89: =IFERROR(INDEX(Prescrição!$A$8:$A$507,MATCH(18,Prescrição!$U$8:$U$507,0)),"") | B89: =IFERROR(INDEX(Prescrição!$C$8:$C$507,MATCH(18,Prescrição!$U$8:$U$507,0)),"") | C89: =IFERROR(INDEX(Prescrição!$F$8:$F$507,MATCH(18,Prescrição!$U$8:$U$507,0)),"") | D89: =IFERROR(INDEX(Prescrição!$G$8:$G$507,MATCH(18,Prescrição!$U$8:$U$507,0)),"") | E89: =IFERROR(INDEX(Prescrição!$J$8:$J$507,MATCH(18,Prescrição!$U$8:$U$507,0)),"") | F89: =IFERROR(INDEX(Prescrição!$K$8:$K$507,MATCH(18,Prescrição!$U$8:$U$507,0)),"") | G89: =IFERROR(INDEX(Prescrição!$L$8:$L$507,MATCH(18,Prescrição!$U$8:$U$507,0)),"") | H89: =IFERROR(INDEX(Prescrição!$M$8:$M$507,MATCH(18,Prescrição!$U$8:$U$507,0)),"") | I89: =IFERROR(INDEX(Prescrição!$N$8:$N$507,MATCH(18,Prescrição!$U$8:$U$507,0)),"") | J89: =IFERROR(INDEX(Prescrição!$O$8:$O$507,MATCH(18,Prescrição!$U$8:$U$507,0)),"") | K89: =IFERROR(INDEX(Prescrição!$P$8:$P$507,MATCH(18,Prescrição!$U$8:$U$507,0)),"") | L89: =IFERROR(INDEX(Prescrição!$S$8:$S$507,MATCH(18,Prescrição!$U$8:$U$507,0)),"") | M89: =IFERROR(INDEX(Prescrição!$T$8:$T$507,MATCH(18,Prescrição!$U$8:$U$507,0)),"")
A90: =IFERROR(INDEX(Prescrição!$A$8:$A$507,MATCH(19,Prescrição!$U$8:$U$507,0)),"") | B90: =IFERROR(INDEX(Prescrição!$C$8:$C$507,MATCH(19,Prescrição!$U$8:$U$507,0)),"") | C90: =IFERROR(INDEX(Prescrição!$F$8:$F$507,MATCH(19,Prescrição!$U$8:$U$507,0)),"") | D90: =IFERROR(INDEX(Prescrição!$G$8:$G$507,MATCH(19,Prescrição!$U$8:$U$507,0)),"") | E90: =IFERROR(INDEX(Prescrição!$J$8:$J$507,MATCH(19,Prescrição!$U$8:$U$507,0)),"") | F90: =IFERROR(INDEX(Prescrição!$K$8:$K$507,MATCH(19,Prescrição!$U$8:$U$507,0)),"") | G90: =IFERROR(INDEX(Prescrição!$L$8:$L$507,MATCH(19,Prescrição!$U$8:$U$507,0)),"") | H90: =IFERROR(INDEX(Prescrição!$M$8:$M$507,MATCH(19,Prescrição!$U$8:$U$507,0)),"") | I90: =IFERROR(INDEX(Prescrição!$N$8:$N$507,MATCH(19,Prescrição!$U$8:$U$507,0)),"") | J90: =IFERROR(INDEX(Prescrição!$O$8:$O$507,MATCH(19,Prescrição!$U$8:$U$507,0)),"") | K90: =IFERROR(INDEX(Prescrição!$P$8:$P$507,MATCH(19,Prescrição!$U$8:$U$507,0)),"") | L90: =IFERROR(INDEX(Prescrição!$S$8:$S$507,MATCH(19,Prescrição!$U$8:$U$507,0)),"") | M90: =IFERROR(INDEX(Prescrição!$T$8:$T$507,MATCH(19,Prescrição!$U$8:$U$507,0)),"")
A91: =IFERROR(INDEX(Prescrição!$A$8:$A$507,MATCH(20,Prescrição!$U$8:$U$507,0)),"") | B91: =IFERROR(INDEX(Prescrição!$C$8:$C$507,MATCH(20,Prescrição!$U$8:$U$507,0)),"") | C91: =IFERROR(INDEX(Prescrição!$F$8:$F$507,MATCH(20,Prescrição!$U$8:$U$507,0)),"") | D91: =IFERROR(INDEX(Prescrição!$G$8:$G$507,MATCH(20,Prescrição!$U$8:$U$507,0)),"") | E91: =IFERROR(INDEX(Prescrição!$J$8:$J$507,MATCH(20,Prescrição!$U$8:$U$507,0)),"") | F91: =IFERROR(INDEX(Prescrição!$K$8:$K$507,MATCH(20,Prescrição!$U$8:$U$507,0)),"") | G91: =IFERROR(INDEX(Prescrição!$L$8:$L$507,MATCH(20,Prescrição!$U$8:$U$507,0)),"") | H91: =IFERROR(INDEX(Prescrição!$M$8:$M$507,MATCH(20,Prescrição!$U$8:$U$507,0)),"") | I91: =IFERROR(INDEX(Prescrição!$N$8:$N$507,MATCH(20,Prescrição!$U$8:$U$507,0)),"") | J91: =IFERROR(INDEX(Prescrição!$O$8:$O$507,MATCH(20,Prescrição!$U$8:$U$507,0)),"") | K91: =IFERROR(INDEX(Prescrição!$P$8:$P$507,MATCH(20,Prescrição!$U$8:$U$507,0)),"") | L91: =IFERROR(INDEX(Prescrição!$S$8:$S$507,MATCH(20,Prescrição!$U$8:$U$507,0)),"") | M91: =IFERROR(INDEX(Prescrição!$T$8:$T$507,MATCH(20,Prescrição!$U$8:$U$507,0)),"")
A92: =IFERROR(INDEX(Prescrição!$A$8:$A$507,MATCH(21,Prescrição!$U$8:$U$507,0)),"") | B92: =IFERROR(INDEX(Prescrição!$C$8:$C$507,MATCH(21,Prescrição!$U$8:$U$507,0)),"") | C92: =IFERROR(INDEX(Prescrição!$F$8:$F$507,MATCH(21,Prescrição!$U$8:$U$507,0)),"") | D92: =IFERROR(INDEX(Prescrição!$G$8:$G$507,MATCH(21,Prescrição!$U$8:$U$507,0)),"") | E92: =IFERROR(INDEX(Prescrição!$J$8:$J$507,MATCH(21,Prescrição!$U$8:$U$507,0)),"") | F92: =IFERROR(INDEX(Prescrição!$K$8:$K$507,MATCH(21,Prescrição!$U$8:$U$507,0)),"") | G92: =IFERROR(INDEX(Prescrição!$L$8:$L$507,MATCH(21,Prescrição!$U$8:$U$507,0)),"") | H92: =IFERROR(INDEX(Prescrição!$M$8:$M$507,MATCH(21,Prescrição!$U$8:$U$507,0)),"") | I92: =IFERROR(INDEX(Prescrição!$N$8:$N$507,MATCH(21,Prescrição!$U$8:$U$507,0)),"") | J92: =IFERROR(INDEX(Prescrição!$O$8:$O$507,MATCH(21,Prescrição!$U$8:$U$507,0)),"") | K92: =IFERROR(INDEX(Prescrição!$P$8:$P$507,MATCH(21,Prescrição!$U$8:$U$507,0)),"") | L92: =IFERROR(INDEX(Prescrição!$S$8:$S$507,MATCH(21,Prescrição!$U$8:$U$507,0)),"") | M92: =IFERROR(INDEX(Prescrição!$T$8:$T$507,MATCH(21,Prescrição!$U$8:$U$507,0)),"")
A93: =IFERROR(INDEX(Prescrição!$A$8:$A$507,MATCH(22,Prescrição!$U$8:$U$507,0)),"") | B93: =IFERROR(INDEX(Prescrição!$C$8:$C$507,MATCH(22,Prescrição!$U$8:$U$507,0)),"") | C93: =IFERROR(INDEX(Prescrição!$F$8:$F$507,MATCH(22,Prescrição!$U$8:$U$507,0)),"") | D93: =IFERROR(INDEX(Prescrição!$G$8:$G$507,MATCH(22,Prescrição!$U$8:$U$507,0)),"") | E93: =IFERROR(INDEX(Prescrição!$J$8:$J$507,MATCH(22,Prescrição!$U$8:$U$507,0)),"") | F93: =IFERROR(INDEX(Prescrição!$K$8:$K$507,MATCH(22,Prescrição!$U$8:$U$507,0)),"") | G93: =IFERROR(INDEX(Prescrição!$L$8:$L$507,MATCH(22,Prescrição!$U$8:$U$507,0)),"") | H93: =IFERROR(INDEX(Prescrição!$M$8:$M$507,MATCH(22,Prescrição!$U$8:$U$507,0)),"") | I93: =IFERROR(INDEX(Prescrição!$N$8:$N$507,MATCH(22,Prescrição!$U$8:$U$507,0)),"") | J93: =IFERROR(INDEX(Prescrição!$O$8:$O$507,MATCH(22,Prescrição!$U$8:$U$507,0)),"") | K93: =IFERROR(INDEX(Prescrição!$P$8:$P$507,MATCH(22,Prescrição!$U$8:$U$507,0)),"") | L93: =IFERROR(INDEX(Prescrição!$S$8:$S$507,MATCH(22,Prescrição!$U$8:$U$507,0)),"") | M93: =IFERROR(INDEX(Prescrição!$T$8:$T$507,MATCH(22,Prescrição!$U$8:$U$507,0)),"")
A94: =IFERROR(INDEX(Prescrição!$A$8:$A$507,MATCH(23,Prescrição!$U$8:$U$507,0)),"") | B94: =IFERROR(INDEX(Prescrição!$C$8:$C$507,MATCH(23,Prescrição!$U$8:$U$507,0)),"") | C94: =IFERROR(INDEX(Prescrição!$F$8:$F$507,MATCH(23,Prescrição!$U$8:$U$507,0)),"") | D94: =IFERROR(INDEX(Prescrição!$G$8:$G$507,MATCH(23,Prescrição!$U$8:$U$507,0)),"") | E94: =IFERROR(INDEX(Prescrição!$J$8:$J$507,MATCH(23,Prescrição!$U$8:$U$507,0)),"") | F94: =IFERROR(INDEX(Prescrição!$K$8:$K$507,MATCH(23,Prescrição!$U$8:$U$507,0)),"") | G94: =IFERROR(INDEX(Prescrição!$L$8:$L$507,MATCH(23,Prescrição!$U$8:$U$507,0)),"") | H94: =IFERROR(INDEX(Prescrição!$M$8:$M$507,MATCH(23,Prescrição!$U$8:$U$507,0)),"") | I94: =IFERROR(INDEX(Prescrição!$N$8:$N$507,MATCH(23,Prescrição!$U$8:$U$507,0)),"") | J94: =IFERROR(INDEX(Prescrição!$O$8:$O$507,MATCH(23,Prescrição!$U$8:$U$507,0)),"") | K94: =IFERROR(INDEX(Prescrição!$P$8:$P$507,MATCH(23,Prescrição!$U$8:$U$507,0)),"") | L94: =IFERROR(INDEX(Prescrição!$S$8:$S$507,MATCH(23,Prescrição!$U$8:$U$507,0)),"") | M94: =IFERROR(INDEX(Prescrição!$T$8:$T$507,MATCH(23,Prescrição!$U$8:$U$507,0)),"")
A95: =IFERROR(INDEX(Prescrição!$A$8:$A$507,MATCH(24,Prescrição!$U$8:$U$507,0)),"") | B95: =IFERROR(INDEX(Prescrição!$C$8:$C$507,MATCH(24,Prescrição!$U$8:$U$507,0)),"") | C95: =IFERROR(INDEX(Prescrição!$F$8:$F$507,MATCH(24,Prescrição!$U$8:$U$507,0)),"") | D95: =IFERROR(INDEX(Prescrição!$G$8:$G$507,MATCH(24,Prescrição!$U$8:$U$507,0)),"") | E95: =IFERROR(INDEX(Prescrição!$J$8:$J$507,MATCH(24,Prescrição!$U$8:$U$507,0)),"") | F95: =IFERROR(INDEX(Prescrição!$K$8:$K$507,MATCH(24,Prescrição!$U$8:$U$507,0)),"") | G95: =IFERROR(INDEX(Prescrição!$L$8:$L$507,MATCH(24,Prescrição!$U$8:$U$507,0)),"") | H95: =IFERROR(INDEX(Prescrição!$M$8:$M$507,MATCH(24,Prescrição!$U$8:$U$507,0)),"") | I95: =IFERROR(INDEX(Prescrição!$N$8:$N$507,MATCH(24,Prescrição!$U$8:$U$507,0)),"") | J95: =IFERROR(INDEX(Prescrição!$O$8:$O$507,MATCH(24,Prescrição!$U$8:$U$507,0)),"") | K95: =IFERROR(INDEX(Prescrição!$P$8:$P$507,MATCH(24,Prescrição!$U$8:$U$507,0)),"") | L95: =IFERROR(INDEX(Prescrição!$S$8:$S$507,MATCH(24,Prescrição!$U$8:$U$507,0)),"") | M95: =IFERROR(INDEX(Prescrição!$T$8:$T$507,MATCH(24,Prescrição!$U$8:$U$507,0)),"")
A96: =IFERROR(INDEX(Prescrição!$A$8:$A$507,MATCH(25,Prescrição!$U$8:$U$507,0)),"") | B96: =IFERROR(INDEX(Prescrição!$C$8:$C$507,MATCH(25,Prescrição!$U$8:$U$507,0)),"") | C96: =IFERROR(INDEX(Prescrição!$F$8:$F$507,MATCH(25,Prescrição!$U$8:$U$507,0)),"") | D96: =IFERROR(INDEX(Prescrição!$G$8:$G$507,MATCH(25,Prescrição!$U$8:$U$507,0)),"") | E96: =IFERROR(INDEX(Prescrição!$J$8:$J$507,MATCH(25,Prescrição!$U$8:$U$507,0)),"") | F96: =IFERROR(INDEX(Prescrição!$K$8:$K$507,MATCH(25,Prescrição!$U$8:$U$507,0)),"") | G96: =IFERROR(INDEX(Prescrição!$L$8:$L$507,MATCH(25,Prescrição!$U$8:$U$507,0)),"") | H96: =IFERROR(INDEX(Prescrição!$M$8:$M$507,MATCH(25,Prescrição!$U$8:$U$507,0)),"") | I96: =IFERROR(INDEX(Prescrição!$N$8:$N$507,MATCH(25,Prescrição!$U$8:$U$507,0)),"") | J96: =IFERROR(INDEX(Prescrição!$O$8:$O$507,MATCH(25,Prescrição!$U$8:$U$507,0)),"") | K96: =IFERROR(INDEX(Prescrição!$P$8:$P$507,MATCH(25,Prescrição!$U$8:$U$507,0)),"") | L96: =IFERROR(INDEX(Prescrição!$S$8:$S$507,MATCH(25,Prescrição!$U$8:$U$507,0)),"") | M96: =IFERROR(INDEX(Prescrição!$T$8:$T$507,MATCH(25,Prescrição!$U$8:$U$507,0)),"")
A97: =IFERROR(INDEX(Prescrição!$A$8:$A$507,MATCH(26,Prescrição!$U$8:$U$507,0)),"") | B97: =IFERROR(INDEX(Prescrição!$C$8:$C$507,MATCH(26,Prescrição!$U$8:$U$507,0)),"") | C97: =IFERROR(INDEX(Prescrição!$F$8:$F$507,MATCH(26,Prescrição!$U$8:$U$507,0)),"") | D97: =IFERROR(INDEX(Prescrição!$G$8:$G$507,MATCH(26,Prescrição!$U$8:$U$507,0)),"") | E97: =IFERROR(INDEX(Prescrição!$J$8:$J$507,MATCH(26,Prescrição!$U$8:$U$507,0)),"") | F97: =IFERROR(INDEX(Prescrição!$K$8:$K$507,MATCH(26,Prescrição!$U$8:$U$507,0)),"") | G97: =IFERROR(INDEX(Prescrição!$L$8:$L$507,MATCH(26,Prescrição!$U$8:$U$507,0)),"") | H97: =IFERROR(INDEX(Prescrição!$M$8:$M$507,MATCH(26,Prescrição!$U$8:$U$507,0)),"") | I97: =IFERROR(INDEX(Prescrição!$N$8:$N$507,MATCH(26,Prescrição!$U$8:$U$507,0)),"") | J97: =IFERROR(INDEX(Prescrição!$O$8:$O$507,MATCH(26,Prescrição!$U$8:$U$507,0)),"") | K97: =IFERROR(INDEX(Prescrição!$P$8:$P$507,MATCH(26,Prescrição!$U$8:$U$507,0)),"") | L97: =IFERROR(INDEX(Prescrição!$S$8:$S$507,MATCH(26,Prescrição!$U$8:$U$507,0)),"") | M97: =IFERROR(INDEX(Prescrição!$T$8:$T$507,MATCH(26,Prescrição!$U$8:$U$507,0)),"")
A98: =IFERROR(INDEX(Prescrição!$A$8:$A$507,MATCH(27,Prescrição!$U$8:$U$507,0)),"") | B98: =IFERROR(INDEX(Prescrição!$C$8:$C$507,MATCH(27,Prescrição!$U$8:$U$507,0)),"") | C98: =IFERROR(INDEX(Prescrição!$F$8:$F$507,MATCH(27,Prescrição!$U$8:$U$507,0)),"") | D98: =IFERROR(INDEX(Prescrição!$G$8:$G$507,MATCH(27,Prescrição!$U$8:$U$507,0)),"") | E98: =IFERROR(INDEX(Prescrição!$J$8:$J$507,MATCH(27,Prescrição!$U$8:$U$507,0)),"") | F98: =IFERROR(INDEX(Prescrição!$K$8:$K$507,MATCH(27,Prescrição!$U$8:$U$507,0)),"") | G98: =IFERROR(INDEX(Prescrição!$L$8:$L$507,MATCH(27,Prescrição!$U$8:$U$507,0)),"") | H98: =IFERROR(INDEX(Prescrição!$M$8:$M$507,MATCH(27,Prescrição!$U$8:$U$507,0)),"") | I98: =IFERROR(INDEX(Prescrição!$N$8:$N$507,MATCH(27,Prescrição!$U$8:$U$507,0)),"") | J98: =IFERROR(INDEX(Prescrição!$O$8:$O$507,MATCH(27,Prescrição!$U$8:$U$507,0)),"") | K98: =IFERROR(INDEX(Prescrição!$P$8:$P$507,MATCH(27,Prescrição!$U$8:$U$507,0)),"") | L98: =IFERROR(INDEX(Prescrição!$S$8:$S$507,MATCH(27,Prescrição!$U$8:$U$507,0)),"") | M98: =IFERROR(INDEX(Prescrição!$T$8:$T$507,MATCH(27,Prescrição!$U$8:$U$507,0)),"")
A99: =IFERROR(INDEX(Prescrição!$A$8:$A$507,MATCH(28,Prescrição!$U$8:$U$507,0)),"") | B99: =IFERROR(INDEX(Prescrição!$C$8:$C$507,MATCH(28,Prescrição!$U$8:$U$507,0)),"") | C99: =IFERROR(INDEX(Prescrição!$F$8:$F$507,MATCH(28,Prescrição!$U$8:$U$507,0)),"") | D99: =IFERROR(INDEX(Prescrição!$G$8:$G$507,MATCH(28,Prescrição!$U$8:$U$507,0)),"") | E99: =IFERROR(INDEX(Prescrição!$J$8:$J$507,MATCH(28,Prescrição!$U$8:$U$507,0)),"") | F99: =IFERROR(INDEX(Prescrição!$K$8:$K$507,MATCH(28,Prescrição!$U$8:$U$507,0)),"") | G99: =IFERROR(INDEX(Prescrição!$L$8:$L$507,MATCH(28,Prescrição!$U$8:$U$507,0)),"") | H99: =IFERROR(INDEX(Prescrição!$M$8:$M$507,MATCH(28,Prescrição!$U$8:$U$507,0)),"") | I99: =IFERROR(INDEX(Prescrição!$N$8:$N$507,MATCH(28,Prescrição!$U$8:$U$507,0)),"") | J99: =IFERROR(INDEX(Prescrição!$O$8:$O$507,MATCH(28,Prescrição!$U$8:$U$507,0)),"") | K99: =IFERROR(INDEX(Prescrição!$P$8:$P$507,MATCH(28,Prescrição!$U$8:$U$507,0)),"") | L99: =IFERROR(INDEX(Prescrição!$S$8:$S$507,MATCH(28,Prescrição!$U$8:$U$507,0)),"") | M99: =IFERROR(INDEX(Prescrição!$T$8:$T$507,MATCH(28,Prescrição!$U$8:$U$507,0)),"")
A100: =IFERROR(INDEX(Prescrição!$A$8:$A$507,MATCH(29,Prescrição!$U$8:$U$507,0)),"") | B100: =IFERROR(INDEX(Prescrição!$C$8:$C$507,MATCH(29,Prescrição!$U$8:$U$507,0)),"") | C100: =IFERROR(INDEX(Prescrição!$F$8:$F$507,MATCH(29,Prescrição!$U$8:$U$507,0)),"") | D100: =IFERROR(INDEX(Prescrição!$G$8:$G$507,MATCH(29,Prescrição!$U$8:$U$507,0)),"") | E100: =IFERROR(INDEX(Prescrição!$J$8:$J$507,MATCH(29,Prescrição!$U$8:$U$507,0)),"") | F100: =IFERROR(INDEX(Prescrição!$K$8:$K$507,MATCH(29,Prescrição!$U$8:$U$507,0)),"") | G100: =IFERROR(INDEX(Prescrição!$L$8:$L$507,MATCH(29,Prescrição!$U$8:$U$507,0)),"") | H100: =IFERROR(INDEX(Prescrição!$M$8:$M$507,MATCH(29,Prescrição!$U$8:$U$507,0)),"") | I100: =IFERROR(INDEX(Prescrição!$N$8:$N$507,MATCH(29,Prescrição!$U$8:$U$507,0)),"") | J100: =IFERROR(INDEX(Prescrição!$O$8:$O$507,MATCH(29,Prescrição!$U$8:$U$507,0)),"") | K100: =IFERROR(INDEX(Prescrição!$P$8:$P$507,MATCH(29,Prescrição!$U$8:$U$507,0)),"") | L100: =IFERROR(INDEX(Prescrição!$S$8:$S$507,MATCH(29,Prescrição!$U$8:$U$507,0)),"") | M100: =IFERROR(INDEX(Prescrição!$T$8:$T$507,MATCH(29,Prescrição!$U$8:$U$507,0)),"")
A101: =IFERROR(INDEX(Prescrição!$A$8:$A$507,MATCH(30,Prescrição!$U$8:$U$507,0)),"") | B101: =IFERROR(INDEX(Prescrição!$C$8:$C$507,MATCH(30,Prescrição!$U$8:$U$507,0)),"") | C101: =IFERROR(INDEX(Prescrição!$F$8:$F$507,MATCH(30,Prescrição!$U$8:$U$507,0)),"") | D101: =IFERROR(INDEX(Prescrição!$G$8:$G$507,MATCH(30,Prescrição!$U$8:$U$507,0)),"") | E101: =IFERROR(INDEX(Prescrição!$J$8:$J$507,MATCH(30,Prescrição!$U$8:$U$507,0)),"") | F101: =IFERROR(INDEX(Prescrição!$K$8:$K$507,MATCH(30,Prescrição!$U$8:$U$507,0)),"") | G101: =IFERROR(INDEX(Prescrição!$L$8:$L$507,MATCH(30,Prescrição!$U$8:$U$507,0)),"") | H101: =IFERROR(INDEX(Prescrição!$M$8:$M$507,MATCH(30,Prescrição!$U$8:$U$507,0)),"") | I101: =IFERROR(INDEX(Prescrição!$N$8:$N$507,MATCH(30,Prescrição!$U$8:$U$507,0)),"") | J101: =IFERROR(INDEX(Prescrição!$O$8:$O$507,MATCH(30,Prescrição!$U$8:$U$507,0)),"") | K101: =IFERROR(INDEX(Prescrição!$P$8:$P$507,MATCH(30,Prescrição!$U$8:$U$507,0)),"") | L101: =IFERROR(INDEX(Prescrição!$S$8:$S$507,MATCH(30,Prescrição!$U$8:$U$507,0)),"") | M101: =IFERROR(INDEX(Prescrição!$T$8:$T$507,MATCH(30,Prescrição!$U$8:$U$507,0)),"")
A103: Aparecem aqui as linhas da aba Prescrição cujo Destinatário seja 'Equipe (todos)' ou o nome do atleta selecionado, com data igual ou posterior à informada em C5.

Sheet Painel
A1: PAINEL INTERATIVO DA EQUIPE
A2: Indicadores e gráficos alimentados por todas as abas de registro. Altere a semana de referência em C4 para atualizar os cartões.
A4: Semana de referência: | C4: =IFERROR(MAX(1,INT((TODAY()-Macrociclo!$C$11)/7)+1),1) -> 35
A6: ATLETAS ATIVOS | C6: LESIONADOS / DM | E6: REGISTROS DE CARGA | G6: CARGA TOTAL DA EQUIPE (UA) | J6: CARGA DA SEMANA (UA) | M6: CARGA MÉDIA / ATLETA NA SEMANA | P6: ATLETAS EM RISCO (ACWR > 1,5) | R6: HOOPER MÉDIO DA SEMANA
A7: =COUNTIF(Cadastro!$T$7:$T$66,"Ativo") -> 0 | C7: =COUNTIF(Cadastro!$T$7:$T$66,"Lesionado")+COUNTIF(Cadastro!$T$7:$T$66,"Departamento Médico") -> 0 | E7: =COUNT('Carga (PSE)'!$A$8:$A$1007) -> 0 | G7: =SUM('Carga (PSE)'!$G$8:$G$1007) -> 0 | J7: =SUMIFS('Carga (PSE)'!$G$8:$G$1007,'Carga (PSE)'!$B$8:$B$1007,$C$4) -> 0 | M7: =IFERROR(J7/MAX(1,COUNTIF(Cadastro!$T$7:$T$66,"Ativo")),0) -> 0 | P7: =COUNTIFS('Carga (PSE)'!$B$8:$B$1007,$C$4,'Carga (PSE)'!$J$8:$J$1007,">1.5") -> 0 | R7: =IFERROR(AVERAGEIFS(Wellness!$H$8:$H$1007,Wellness!$B$8:$B$1007,$C$4),0) -> 0
A9: EVOLUÇÃO SEMANAL DA EQUIPE
A10: Semana | B10: Início | C10: Carga Total (UA) | D10: Carga Média/Atleta | E10: Registros | F10: PSE Média | G10: Hooper Médio | H10: ACWR Médio | I10: % Presença
A11: 1 | B11: =IF(Macrociclo!$C$11="","",Macrociclo!$C$11+($A11-1)*7) -> 46027 | C11: =SUMIFS('Carga (PSE)'!$G$8:$G$1007,'Carga (PSE)'!$B$8:$B$1007,$A11) -> 0 | D11: =IFERROR($C11/MAX(1,COUNTIF(Cadastro!$T$7:$T$66,"Ativo")),0) -> 0 | E11: =COUNTIFS('Carga (PSE)'!$B$8:$B$1007,$A11) -> 0 | F11: =IFERROR(AVERAGEIFS('Carga (PSE)'!$F$8:$F$1007,'Carga (PSE)'!$B$8:$B$1007,$A11),0) -> 0 | G11: =IFERROR(AVERAGEIFS(Wellness!$H$8:$H$1007,Wellness!$B$8:$B$1007,$A11),0) -> 0 | H11: =IFERROR(AVERAGEIFS('Carga (PSE)'!$J$8:$J$1007,'Carga (PSE)'!$B$8:$B$1007,$A11),0) -> 0 | I11: =IFERROR(COUNTIFS(Presença!$B$8:$B$1007,$A11,Presença!$E$8:$E$1007,"Presente")/MAX(1,COUNTIFS(Presença!$B$8:$B$1007,$A11)),0) -> 0
A12: 2 | B12: =IF(Macrociclo!$C$11="","",Macrociclo!$C$11+($A12-1)*7) -> 46034 | C12: =SUMIFS('Carga (PSE)'!$G$8:$G$1007,'Carga (PSE)'!$B$8:$B$1007,$A12) -> 0 | D12: =IFERROR($C12/MAX(1,COUNTIF(Cadastro!$T$7:$T$66,"Ativo")),0) -> 0 | E12: =COUNTIFS('Carga (PSE)'!$B$8:$B$1007,$A12) -> 0 | F12: =IFERROR(AVERAGEIFS('Carga (PSE)'!$F$8:$F$1007,'Carga (PSE)'!$B$8:$B$1007,$A12),0) -> 0 | G12: =IFERROR(AVERAGEIFS(Wellness!$H$8:$H$1007,Wellness!$B$8:$B$1007,$A12),0) -> 0 | H12: =IFERROR(AVERAGEIFS('Carga (PSE)'!$J$8:$J$1007,'Carga (PSE)'!$B$8:$B$1007,$A12),0) -> 0 | I12: =IFERROR(COUNTIFS(Presença!$B$8:$B$1007,$A12,Presença!$E$8:$E$1007,"Presente")/MAX(1,COUNTIFS(Presença!$B$8:$B$1007,$A12)),0) -> 0
A13: 3 | B13: =IF(Macrociclo!$C$11="","",Macrociclo!$C$11+($A13-1)*7) -> 46041 | C13: =SUMIFS('Carga (PSE)'!$G$8:$G$1007,'Carga (PSE)'!$B$8:$B$1007,$A13) -> 0 | D13: =IFERROR($C13/MAX(1,COUNTIF(Cadastro!$T$7:$T$66,"Ativo")),0) -> 0 | E13: =COUNTIFS('Carga (PSE)'!$B$8:$B$1007,$A13) -> 0 | F13: =IFERROR(AVERAGEIFS('Carga (PSE)'!$F$8:$F$1007,'Carga (PSE)'!$B$8:$B$1007,$A13),0) -> 0 | G13: =IFERROR(AVERAGEIFS(Wellness!$H$8:$H$1007,Wellness!$B$8:$B$1007,$A13),0) -> 0 | H13: =IFERROR(AVERAGEIFS('Carga (PSE)'!$J$8:$J$1007,'Carga (PSE)'!$B$8:$B$1007,$A13),0) -> 0 | I13: =IFERROR(COUNTIFS(Presença!$B$8:$B$1007,$A13,Presença!$E$8:$E$1007,"Presente")/MAX(1,COUNTIFS(Presença!$B$8:$B$1007,$A13)),0) -> 0
A14: 4 | B14: =IF(Macrociclo!$C$11="","",Macrociclo!$C$11+($A14-1)*7) -> 46048 | C14: =SUMIFS('Carga (PSE)'!$G$8:$G$1007,'Carga (PSE)'!$B$8:$B$1007,$A14) -> 0 | D14: =IFERROR($C14/MAX(1,COUNTIF(Cadastro!$T$7:$T$66,"Ativo")),0) -> 0 | E14: =COUNTIFS('Carga (PSE)'!$B$8:$B$1007,$A14) -> 0 | F14: =IFERROR(AVERAGEIFS('Carga (PSE)'!$F$8:$F$1007,'Carga (PSE)'!$B$8:$B$1007,$A14),0) -> 0 | G14: =IFERROR(AVERAGEIFS(Wellness!$H$8:$H$1007,Wellness!$B$8:$B$1007,$A14),0) -> 0 | H14: =IFERROR(AVERAGEIFS('Carga (PSE)'!$J$8:$J$1007,'Carga (PSE)'!$B$8:$B$1007,$A14),0) -> 0 | I14: =IFERROR(COUNTIFS(Presença!$B$8:$B$1007,$A14,Presença!$E$8:$E$1007,"Presente")/MAX(1,COUNTIFS(Presença!$B$8:$B$1007,$A14)),0) -> 0
A15: 5 | B15: =IF(Macrociclo!$C$11="","",Macrociclo!$C$11+($A15-1)*7) -> 46055 | C15: =SUMIFS('Carga (PSE)'!$G$8:$G$1007,'Carga (PSE)'!$B$8:$B$1007,$A15) -> 0 | D15: =IFERROR($C15/MAX(1,COUNTIF(Cadastro!$T$7:$T$66,"Ativo")),0) -> 0 | E15: =COUNTIFS('Carga (PSE)'!$B$8:$B$1007,$A15) -> 0 | F15: =IFERROR(AVERAGEIFS('Carga (PSE)'!$F$8:$F$1007,'Carga (PSE)'!$B$8:$B$1007,$A15),0) -> 0 | G15: =IFERROR(AVERAGEIFS(Wellness!$H$8:$H$1007,Wellness!$B$8:$B$1007,$A15),0) -> 0 | H15: =IFERROR(AVERAGEIFS('Carga (PSE)'!$J$8:$J$1007,'Carga (PSE)'!$B$8:$B$1007,$A15),0) -> 0 | I15: =IFERROR(COUNTIFS(Presença!$B$8:$B$1007,$A15,Presença!$E$8:$E$1007,"Presente")/MAX(1,COUNTIFS(Presença!$B$8:$B$1007,$A15)),0) -> 0
A16: 6 | B16: =IF(Macrociclo!$C$11="","",Macrociclo!$C$11+($A16-1)*7) -> 46062 | C16: =SUMIFS('Carga (PSE)'!$G$8:$G$1007,'Carga (PSE)'!$B$8:$B$1007,$A16) -> 0 | D16: =IFERROR($C16/MAX(1,COUNTIF(Cadastro!$T$7:$T$66,"Ativo")),0) -> 0 | E16: =COUNTIFS('Carga (PSE)'!$B$8:$B$1007,$A16) -> 0 | F16: =IFERROR(AVERAGEIFS('Carga (PSE)'!$F$8:$F$1007,'Carga (PSE)'!$B$8:$B$1007,$A16),0) -> 0 | G16: =IFERROR(AVERAGEIFS(Wellness!$H$8:$H$1007,Wellness!$B$8:$B$1007,$A16),0) -> 0 | H16: =IFERROR(AVERAGEIFS('Carga (PSE)'!$J$8:$J$1007,'Carga (PSE)'!$B$8:$B$1007,$A16),0) -> 0 | I16: =IFERROR(COUNTIFS(Presença!$B$8:$B$1007,$A16,Presença!$E$8:$E$1007,"Presente")/MAX(1,COUNTIFS(Presença!$B$8:$B$1007,$A16)),0) -> 0
A17: 7 | B17: =IF(Macrociclo!$C$11="","",Macrociclo!$C$11+($A17-1)*7) -> 46069 | C17: =SUMIFS('Carga (PSE)'!$G$8:$G$1007,'Carga (PSE)'!$B$8:$B$1007,$A17) -> 0 | D17: =IFERROR($C17/MAX(1,COUNTIF(Cadastro!$T$7:$T$66,"Ativo")),0) -> 0 | E17: =COUNTIFS('Carga (PSE)'!$B$8:$B$1007,$A17) -> 0 | F17: =IFERROR(AVERAGEIFS('Carga (PSE)'!$F$8:$F$1007,'Carga (PSE)'!$B$8:$B$1007,$A17),0) -> 0 | G17: =IFERROR(AVERAGEIFS(Wellness!$H$8:$H$1007,Wellness!$B$8:$B$1007,$A17),0) -> 0 | H17: =IFERROR(AVERAGEIFS('Carga (PSE)'!$J$8:$J$1007,'Carga (PSE)'!$B$8:$B$1007,$A17),0) -> 0 | I17: =IFERROR(COUNTIFS(Presença!$B$8:$B$1007,$A17,Presença!$E$8:$E$1007,"Presente")/MAX(1,COUNTIFS(Presença!$B$8:$B$1007,$A17)),0) -> 0
A18: 8 | B18: =IF(Macrociclo!$C$11="","",Macrociclo!$C$11+($A18-1)*7) -> 46076 | C18: =SUMIFS('Carga (PSE)'!$G$8:$G$1007,'Carga (PSE)'!$B$8:$B$1007,$A18) -> 0 | D18: =IFERROR($C18/MAX(1,COUNTIF(Cadastro!$T$7:$T$66,"Ativo")),0) -> 0 | E18: =COUNTIFS('Carga (PSE)'!$B$8:$B$1007,$A18) -> 0 | F18: =IFERROR(AVERAGEIFS('Carga (PSE)'!$F$8:$F$1007,'Carga (PSE)'!$B$8:$B$1007,$A18),0) -> 0 | G18: =IFERROR(AVERAGEIFS(Wellness!$H$8:$H$1007,Wellness!$B$8:$B$1007,$A18),0) -> 0 | H18: =IFERROR(AVERAGEIFS('Carga (PSE)'!$J$8:$J$1007,'Carga (PSE)'!$B$8:$B$1007,$A18),0) -> 0 | I18: =IFERROR(COUNTIFS(Presença!$B$8:$B$1007,$A18,Presença!$E$8:$E$1007,"Presente")/MAX(1,COUNTIFS(Presença!$B$8:$B$1007,$A18)),0) -> 0
A19: 9 | B19: =IF(Macrociclo!$C$11="","",Macrociclo!$C$11+($A19-1)*7) -> 46083 | C19: =SUMIFS('Carga (PSE)'!$G$8:$G$1007,'Carga (PSE)'!$B$8:$B$1007,$A19) -> 0 | D19: =IFERROR($C19/MAX(1,COUNTIF(Cadastro!$T$7:$T$66,"Ativo")),0) -> 0 | E19: =COUNTIFS('Carga (PSE)'!$B$8:$B$1007,$A19) -> 0 | F19: =IFERROR(AVERAGEIFS('Carga (PSE)'!$F$8:$F$1007,'Carga (PSE)'!$B$8:$B$1007,$A19),0) -> 0 | G19: =IFERROR(AVERAGEIFS(Wellness!$H$8:$H$1007,Wellness!$B$8:$B$1007,$A19),0) -> 0 | H19: =IFERROR(AVERAGEIFS('Carga (PSE)'!$J$8:$J$1007,'Carga (PSE)'!$B$8:$B$1007,$A19),0) -> 0 | I19: =IFERROR(COUNTIFS(Presença!$B$8:$B$1007,$A19,Presença!$E$8:$E$1007,"Presente")/MAX(1,COUNTIFS(Presença!$B$8:$B$1007,$A19)),0) -> 0
A20: 10 | B20: =IF(Macrociclo!$C$11="","",Macrociclo!$C$11+($A20-1)*7) -> 46090 | C20: =SUMIFS('Carga (PSE)'!$G$8:$G$1007,'Carga (PSE)'!$B$8:$B$1007,$A20) -> 0 | D20: =IFERROR($C20/MAX(1,COUNTIF(Cadastro!$T$7:$T$66,"Ativo")),0) -> 0 | E20: =COUNTIFS('Carga (PSE)'!$B$8:$B$1007,$A20) -> 0 | F20: =IFERROR(AVERAGEIFS('Carga (PSE)'!$F$8:$F$1007,'Carga (PSE)'!$B$8:$B$1007,$A20),0) -> 0 | G20: =IFERROR(AVERAGEIFS(Wellness!$H$8:$H$1007,Wellness!$B$8:$B$1007,$A20),0) -> 0 | H20: =IFERROR(AVERAGEIFS('Carga (PSE)'!$J$8:$J$1007,'Carga (PSE)'!$B$8:$B$1007,$A20),0) -> 0 | I20: =IFERROR(COUNTIFS(Presença!$B$8:$B$1007,$A20,Presença!$E$8:$E$1007,"Presente")/MAX(1,COUNTIFS(Presença!$B$8:$B$1007,$A20)),0) -> 0
A21: 11 | B21: =IF(Macrociclo!$C$11="","",Macrociclo!$C$11+($A21-1)*7) -> 46097 | C21: =SUMIFS('Carga (PSE)'!$G$8:$G$1007,'Carga (PSE)'!$B$8:$B$1007,$A21) -> 0 | D21: =IFERROR($C21/MAX(1,COUNTIF(Cadastro!$T$7:$T$66,"Ativo")),0) -> 0 | E21: =COUNTIFS('Carga (PSE)'!$B$8:$B$1007,$A21) -> 0 | F21: =IFERROR(AVERAGEIFS('Carga (PSE)'!$F$8:$F$1007,'Carga (PSE)'!$B$8:$B$1007,$A21),0) -> 0 | G21: =IFERROR(AVERAGEIFS(Wellness!$H$8:$H$1007,Wellness!$B$8:$B$1007,$A21),0) -> 0 | H21: =IFERROR(AVERAGEIFS('Carga (PSE)'!$J$8:$J$1007,'Carga (PSE)'!$B$8:$B$1007,$A21),0) -> 0 | I21: =IFERROR(COUNTIFS(Presença!$B$8:$B$1007,$A21,Presença!$E$8:$E$1007,"Presente")/MAX(1,COUNTIFS(Presença!$B$8:$B$1007,$A21)),0) -> 0
A22: 12 | B22: =IF(Macrociclo!$C$11="","",Macrociclo!$C$11+($A22-1)*7) -> 46104 | C22: =SUMIFS('Carga (PSE)'!$G$8:$G$1007,'Carga (PSE)'!$B$8:$B$1007,$A22) -> 0 | D22: =IFERROR($C22/MAX(1,COUNTIF(Cadastro!$T$7:$T$66,"Ativo")),0) -> 0 | E22: =COUNTIFS('Carga (PSE)'!$B$8:$B$1007,$A22) -> 0 | F22: =IFERROR(AVERAGEIFS('Carga (PSE)'!$F$8:$F$1007,'Carga (PSE)'!$B$8:$B$1007,$A22),0) -> 0 | G22: =IFERROR(AVERAGEIFS(Wellness!$H$8:$H$1007,Wellness!$B$8:$B$1007,$A22),0) -> 0 | H22: =IFERROR(AVERAGEIFS('Carga (PSE)'!$J$8:$J$1007,'Carga (PSE)'!$B$8:$B$1007,$A22),0) -> 0 | I22: =IFERROR(COUNTIFS(Presença!$B$8:$B$1007,$A22,Presença!$E$8:$E$1007,"Presente")/MAX(1,COUNTIFS(Presença!$B$8:$B$1007,$A22)),0) -> 0
... A44: 34 | B44: =IF(Macrociclo!$C$11="","",Macrociclo!$C$11+($A44-1)*7) -> 46258 | C44: =SUMIFS('Carga (PSE)'!$G$8:$G$1007,'Carga (PSE)'!$B$8:$B$1007,$A44) -> 0 | D44: =IFERROR($C44/MAX(1,COUNTIF(Cadastro!$T$7:$T$66,"Ativo")),0) -> 0 | E44: =COUNTIFS('Carga (PSE)'!$B$8:$B$1007,$A44) -> 0 | F44: =IFERROR(AVERAGEIFS('Carga (PSE)'!$F$8:$F$1007,'Carga (PSE)'!$B$8:$B$1007,$A44),0) -> 0 | G44: =IFERROR(AVERAGEIFS(Wellness!$H$8:$H$1007,Wellness!$B$8:$B$1007,$A44),0) -> 0 | H44: =IFERROR(AVERAGEIFS('Carga (PSE)'!$J$8:$J$1007,'Carga (PSE)'!$B$8:$B$1007,$A44),0) -> 0 | I44: =IFERROR(COUNTIFS(Presença!$B$8:$B$1007,$A44,Presença!$E$8:$E$1007,"Presente")/MAX(1,COUNTIFS(Presença!$B$8:$B$1007,$A44)),0) -> 0
A45: 35 | B45: =IF(Macrociclo!$C$11="","",Macrociclo!$C$11+($A45-1)*7) -> 46265 | C45: =SUMIFS('Carga (PSE)'!$G$8:$G$1007,'Carga (PSE)'!$B$8:$B$1007,$A45) -> 0 | D45: =IFERROR($C45/MAX(1,COUNTIF(Cadastro!$T$7:$T$66,"Ativo")),0) -> 0 | E45: =COUNTIFS('Carga (PSE)'!$B$8:$B$1007,$A45) -> 0 | F45: =IFERROR(AVERAGEIFS('Carga (PSE)'!$F$8:$F$1007,'Carga (PSE)'!$B$8:$B$1007,$A45),0) -> 0 | G45: =IFERROR(AVERAGEIFS(Wellness!$H$8:$H$1007,Wellness!$B$8:$B$1007,$A45),0) -> 0 | H45: =IFERROR(AVERAGEIFS('Carga (PSE)'!$J$8:$J$1007,'Carga (PSE)'!$B$8:$B$1007,$A45),0) -> 0 | I45: =IFERROR(COUNTIFS(Presença!$B$8:$B$1007,$A45,Presença!$E$8:$E$1007,"Presente")/MAX(1,COUNTIFS(Presença!$B$8:$B$1007,$A45)),0) -> 0 | K45: CARGA POR TIPO DE SESSÃO
A46: 36 | B46: =IF(Macrociclo!$C$11="","",Macrociclo!$C$11+($A46-1)*7) -> 46272 | C46: =SUMIFS('Carga (PSE)'!$G$8:$G$1007,'Carga (PSE)'!$B$8:$B$1007,$A46) -> 0 | D46: =IFERROR($C46/MAX(1,COUNTIF(Cadastro!$T$7:$T$66,"Ativo")),0) -> 0 | E46: =COUNTIFS('Carga (PSE)'!$B$8:$B$1007,$A46) -> 0 | F46: =IFERROR(AVERAGEIFS('Carga (PSE)'!$F$8:$F$1007,'Carga (PSE)'!$B$8:$B$1007,$A46),0) -> 0 | G46: =IFERROR(AVERAGEIFS(Wellness!$H$8:$H$1007,Wellness!$B$8:$B$1007,$A46),0) -> 0 | H46: =IFERROR(AVERAGEIFS('Carga (PSE)'!$J$8:$J$1007,'Carga (PSE)'!$B$8:$B$1007,$A46),0) -> 0 | I46: =IFERROR(COUNTIFS(Presença!$B$8:$B$1007,$A46,Presença!$E$8:$E$1007,"Presente")/MAX(1,COUNTIFS(Presença!$B$8:$B$1007,$A46)),0) -> 0 | K46: Tipo de Sessão | L46: Carga (UA) | M46: % do Total
A47: 37 | B47: =IF(Macrociclo!$C$11="","",Macrociclo!$C$11+($A47-1)*7) -> 46279 | C47: =SUMIFS('Carga (PSE)'!$G$8:$G$1007,'Carga (PSE)'!$B$8:$B$1007,$A47) -> 0 | D47: =IFERROR($C47/MAX(1,COUNTIF(Cadastro!$T$7:$T$66,"Ativo")),0) -> 0 | E47: =COUNTIFS('Carga (PSE)'!$B$8:$B$1007,$A47) -> 0 | F47: =IFERROR(AVERAGEIFS('Carga (PSE)'!$F$8:$F$1007,'Carga (PSE)'!$B$8:$B$1007,$A47),0) -> 0 | G47: =IFERROR(AVERAGEIFS(Wellness!$H$8:$H$1007,Wellness!$B$8:$B$1007,$A47),0) -> 0 | H47: =IFERROR(AVERAGEIFS('Carga (PSE)'!$J$8:$J$1007,'Carga (PSE)'!$B$8:$B$1007,$A47),0) -> 0 | I47: =IFERROR(COUNTIFS(Presença!$B$8:$B$1007,$A47,Presença!$E$8:$E$1007,"Presente")/MAX(1,COUNTIFS(Presença!$B$8:$B$1007,$A47)),0) -> 0 | K47: Técnico-Tático | L47: =SUMIFS('Carga (PSE)'!$G$8:$G$1007,'Carga (PSE)'!$D$8:$D$1007,$K47) -> 0 | M47: =IFERROR($L47/SUM($L$47:$L$56),0) -> 0
A48: 38 | B48: =IF(Macrociclo!$C$11="","",Macrociclo!$C$11+($A48-1)*7) -> 46286 | C48: =SUMIFS('Carga (PSE)'!$G$8:$G$1007,'Carga (PSE)'!$B$8:$B$1007,$A48) -> 0 | D48: =IFERROR($C48/MAX(1,COUNTIF(Cadastro!$T$7:$T$66,"Ativo")),0) -> 0 | E48: =COUNTIFS('Carga (PSE)'!$B$8:$B$1007,$A48) -> 0 | F48: =IFERROR(AVERAGEIFS('Carga (PSE)'!$F$8:$F$1007,'Carga (PSE)'!$B$8:$B$1007,$A48),0) -> 0 | G48: =IFERROR(AVERAGEIFS(Wellness!$H$8:$H$1007,Wellness!$B$8:$B$1007,$A48),0) -> 0 | H48: =IFERROR(AVERAGEIFS('Carga (PSE)'!$J$8:$J$1007,'Carga (PSE)'!$B$8:$B$1007,$A48),0) -> 0 | I48: =IFERROR(COUNTIFS(Presença!$B$8:$B$1007,$A48,Presença!$E$8:$E$1007,"Presente")/MAX(1,COUNTIFS(Presença!$B$8:$B$1007,$A48)),0) -> 0 | K48: Físico (Força) | L48: =SUMIFS('Carga (PSE)'!$G$8:$G$1007,'Carga (PSE)'!$D$8:$D$1007,$K48) -> 0 | M48: =IFERROR($L48/SUM($L$47:$L$56),0) -> 0
A49: 39 | B49: =IF(Macrociclo!$C$11="","",Macrociclo!$C$11+($A49-1)*7) -> 46293 | C49: =SUMIFS('Carga (PSE)'!$G$8:$G$1007,'Carga (PSE)'!$B$8:$B$1007,$A49) -> 0 | D49: =IFERROR($C49/MAX(1,COUNTIF(Cadastro!$T$7:$T$66,"Ativo")),0) -> 0 | E49: =COUNTIFS('Carga (PSE)'!$B$8:$B$1007,$A49) -> 0 | F49: =IFERROR(AVERAGEIFS('Carga (PSE)'!$F$8:$F$1007,'Carga (PSE)'!$B$8:$B$1007,$A49),0) -> 0 | G49: =IFERROR(AVERAGEIFS(Wellness!$H$8:$H$1007,Wellness!$B$8:$B$1007,$A49),0) -> 0 | H49: =IFERROR(AVERAGEIFS('Carga (PSE)'!$J$8:$J$1007,'Carga (PSE)'!$B$8:$B$1007,$A49),0) -> 0 | I49: =IFERROR(COUNTIFS(Presença!$B$8:$B$1007,$A49,Presença!$E$8:$E$1007,"Presente")/MAX(1,COUNTIFS(Presença!$B$8:$B$1007,$A49)),0) -> 0 | K49: Físico (Potência) | L49: =SUMIFS('Carga (PSE)'!$G$8:$G$1007,'Carga (PSE)'!$D$8:$D$1007,$K49) -> 0 | M49: =IFERROR($L49/SUM($L$47:$L$56),0) -> 0
A50: 40 | B50: =IF(Macrociclo!$C$11="","",Macrociclo!$C$11+($A50-1)*7) -> 46300 | C50: =SUMIFS('Carga (PSE)'!$G$8:$G$1007,'Carga (PSE)'!$B$8:$B$1007,$A50) -> 0 | D50: =IFERROR($C50/MAX(1,COUNTIF(Cadastro!$T$7:$T$66,"Ativo")),0) -> 0 | E50: =COUNTIFS('Carga (PSE)'!$B$8:$B$1007,$A50) -> 0 | F50: =IFERROR(AVERAGEIFS('Carga (PSE)'!$F$8:$F$1007,'Carga (PSE)'!$B$8:$B$1007,$A50),0) -> 0 | G50: =IFERROR(AVERAGEIFS(Wellness!$H$8:$H$1007,Wellness!$B$8:$B$1007,$A50),0) -> 0 | H50: =IFERROR(AVERAGEIFS('Carga (PSE)'!$J$8:$J$1007,'Carga (PSE)'!$B$8:$B$1007,$A50),0) -> 0 | I50: =IFERROR(COUNTIFS(Presença!$B$8:$B$1007,$A50,Presença!$E$8:$E$1007,"Presente")/MAX(1,COUNTIFS(Presença!$B$8:$B$1007,$A50)),0) -> 0 | K50: Físico (Condicionamento) | L50: =SUMIFS('Carga (PSE)'!$G$8:$G$1007,'Carga (PSE)'!$D$8:$D$1007,$K50) -> 0 | M50: =IFERROR($L50/SUM($L$47:$L$56),0) -> 0
A51: 41 | B51: =IF(Macrociclo!$C$11="","",Macrociclo!$C$11+($A51-1)*7) -> 46307 | C51: =SUMIFS('Carga (PSE)'!$G$8:$G$1007,'Carga (PSE)'!$B$8:$B$1007,$A51) -> 0 | D51: =IFERROR($C51/MAX(1,COUNTIF(Cadastro!$T$7:$T$66,"Ativo")),0) -> 0 | E51: =COUNTIFS('Carga (PSE)'!$B$8:$B$1007,$A51) -> 0 | F51: =IFERROR(AVERAGEIFS('Carga (PSE)'!$F$8:$F$1007,'Carga (PSE)'!$B$8:$B$1007,$A51),0) -> 0 | G51: =IFERROR(AVERAGEIFS(Wellness!$H$8:$H$1007,Wellness!$B$8:$B$1007,$A51),0) -> 0 | H51: =IFERROR(AVERAGEIFS('Carga (PSE)'!$J$8:$J$1007,'Carga (PSE)'!$B$8:$B$1007,$A51),0) -> 0 | I51: =IFERROR(COUNTIFS(Presença!$B$8:$B$1007,$A51,Presença!$E$8:$E$1007,"Presente")/MAX(1,COUNTIFS(Presença!$B$8:$B$1007,$A51)),0) -> 0 | K51: Coletivo/Jogo | L51: =SUMIFS('Carga (PSE)'!$G$8:$G$1007,'Carga (PSE)'!$D$8:$D$1007,$K51) -> 0 | M51: =IFERROR($L51/SUM($L$47:$L$56),0) -> 0
A52: 42 | B52: =IF(Macrociclo!$C$11="","",Macrociclo!$C$11+($A52-1)*7) -> 46314 | C52: =SUMIFS('Carga (PSE)'!$G$8:$G$1007,'Carga (PSE)'!$B$8:$B$1007,$A52) -> 0 | D52: =IFERROR($C52/MAX(1,COUNTIF(Cadastro!$T$7:$T$66,"Ativo")),0) -> 0 | E52: =COUNTIFS('Carga (PSE)'!$B$8:$B$1007,$A52) -> 0 | F52: =IFERROR(AVERAGEIFS('Carga (PSE)'!$F$8:$F$1007,'Carga (PSE)'!$B$8:$B$1007,$A52),0) -> 0 | G52: =IFERROR(AVERAGEIFS(Wellness!$H$8:$H$1007,Wellness!$B$8:$B$1007,$A52),0) -> 0 | H52: =IFERROR(AVERAGEIFS('Carga (PSE)'!$J$8:$J$1007,'Carga (PSE)'!$B$8:$B$1007,$A52),0) -> 0 | I52: =IFERROR(COUNTIFS(Presença!$B$8:$B$1007,$A52,Presença!$E$8:$E$1007,"Presente")/MAX(1,COUNTIFS(Presença!$B$8:$B$1007,$A52)),0) -> 0 | K52: Amistoso | L52: =SUMIFS('Carga (PSE)'!$G$8:$G$1007,'Carga (PSE)'!$D$8:$D$1007,$K52) -> 0 | M52: =IFERROR($L52/SUM($L$47:$L$56),0) -> 0
A53: 43 | B53: =IF(Macrociclo!$C$11="","",Macrociclo!$C$11+($A53-1)*7) -> 46321 | C53: =SUMIFS('Carga (PSE)'!$G$8:$G$1007,'Carga (PSE)'!$B$8:$B$1007,$A53) -> 0 | D53: =IFERROR($C53/MAX(1,COUNTIF(Cadastro!$T$7:$T$66,"Ativo")),0) -> 0 | E53: =COUNTIFS('Carga (PSE)'!$B$8:$B$1007,$A53) -> 0 | F53: =IFERROR(AVERAGEIFS('Carga (PSE)'!$F$8:$F$1007,'Carga (PSE)'!$B$8:$B$1007,$A53),0) -> 0 | G53: =IFERROR(AVERAGEIFS(Wellness!$H$8:$H$1007,Wellness!$B$8:$B$1007,$A53),0) -> 0 | H53: =IFERROR(AVERAGEIFS('Carga (PSE)'!$J$8:$J$1007,'Carga (PSE)'!$B$8:$B$1007,$A53),0) -> 0 | I53: =IFERROR(COUNTIFS(Presença!$B$8:$B$1007,$A53,Presença!$E$8:$E$1007,"Presente")/MAX(1,COUNTIFS(Presença!$B$8:$B$1007,$A53)),0) -> 0 | K53: Competição Oficial | L53: =SUMIFS('Carga (PSE)'!$G$8:$G$1007,'Carga (PSE)'!$D$8:$D$1007,$K53) -> 0 | M53: =IFERROR($L53/SUM($L$47:$L$56),0) -> 0
A54: 44 | B54: =IF(Macrociclo!$C$11="","",Macrociclo!$C$11+($A54-1)*7) -> 46328 | C54: =SUMIFS('Carga (PSE)'!$G$8:$G$1007,'Carga (PSE)'!$B$8:$B$1007,$A54) -> 0 | D54: =IFERROR($C54/MAX(1,COUNTIF(Cadastro!$T$7:$T$66,"Ativo")),0) -> 0 | E54: =COUNTIFS('Carga (PSE)'!$B$8:$B$1007,$A54) -> 0 | F54: =IFERROR(AVERAGEIFS('Carga (PSE)'!$F$8:$F$1007,'Carga (PSE)'!$B$8:$B$1007,$A54),0) -> 0 | G54: =IFERROR(AVERAGEIFS(Wellness!$H$8:$H$1007,Wellness!$B$8:$B$1007,$A54),0) -> 0 | H54: =IFERROR(AVERAGEIFS('Carga (PSE)'!$J$8:$J$1007,'Carga (PSE)'!$B$8:$B$1007,$A54),0) -> 0 | I54: =IFERROR(COUNTIFS(Presença!$B$8:$B$1007,$A54,Presença!$E$8:$E$1007,"Presente")/MAX(1,COUNTIFS(Presença!$B$8:$B$1007,$A54)),0) -> 0 | K54: Recuperação/Regenerativo | L54: =SUMIFS('Carga (PSE)'!$G$8:$G$1007,'Carga (PSE)'!$D$8:$D$1007,$K54) -> 0 | M54: =IFERROR($L54/SUM($L$47:$L$56),0) -> 0
A55: 45 | B55: =IF(Macrociclo!$C$11="","",Macrociclo!$C$11+($A55-1)*7) -> 46335 | C55: =SUMIFS('Carga (PSE)'!$G$8:$G$1007,'Carga (PSE)'!$B$8:$B$1007,$A55) -> 0 | D55: =IFERROR($C55/MAX(1,COUNTIF(Cadastro!$T$7:$T$66,"Ativo")),0) -> 0 | E55: =COUNTIFS('Carga (PSE)'!$B$8:$B$1007,$A55) -> 0 | F55: =IFERROR(AVERAGEIFS('Carga (PSE)'!$F$8:$F$1007,'Carga (PSE)'!$B$8:$B$1007,$A55),0) -> 0 | G55: =IFERROR(AVERAGEIFS(Wellness!$H$8:$H$1007,Wellness!$B$8:$B$1007,$A55),0) -> 0 | H55: =IFERROR(AVERAGEIFS('Carga (PSE)'!$J$8:$J$1007,'Carga (PSE)'!$B$8:$B$1007,$A55),0) -> 0 | I55: =IFERROR(COUNTIFS(Presença!$B$8:$B$1007,$A55,Presença!$E$8:$E$1007,"Presente")/MAX(1,COUNTIFS(Presença!$B$8:$B$1007,$A55)),0) -> 0 | K55: Vídeo/Teórico | L55: =SUMIFS('Carga (PSE)'!$G$8:$G$1007,'Carga (PSE)'!$D$8:$D$1007,$K55) -> 0 | M55: =IFERROR($L55/SUM($L$47:$L$56),0) -> 0
A56: 46 | B56: =IF(Macrociclo!$C$11="","",Macrociclo!$C$11+($A56-1)*7) -> 46342 | C56: =SUMIFS('Carga (PSE)'!$G$8:$G$1007,'Carga (PSE)'!$B$8:$B$1007,$A56) -> 0 | D56: =IFERROR($C56/MAX(1,COUNTIF(Cadastro!$T$7:$T$66,"Ativo")),0) -> 0 | E56: =COUNTIFS('Carga (PSE)'!$B$8:$B$1007,$A56) -> 0 | F56: =IFERROR(AVERAGEIFS('Carga (PSE)'!$F$8:$F$1007,'Carga (PSE)'!$B$8:$B$1007,$A56),0) -> 0 | G56: =IFERROR(AVERAGEIFS(Wellness!$H$8:$H$1007,Wellness!$B$8:$B$1007,$A56),0) -> 0 | H56: =IFERROR(AVERAGEIFS('Carga (PSE)'!$J$8:$J$1007,'Carga (PSE)'!$B$8:$B$1007,$A56),0) -> 0 | I56: =IFERROR(COUNTIFS(Presença!$B$8:$B$1007,$A56,Presença!$E$8:$E$1007,"Presente")/MAX(1,COUNTIFS(Presença!$B$8:$B$1007,$A56)),0) -> 0 | K56: Folga | L56: =SUMIFS('Carga (PSE)'!$G$8:$G$1007,'Carga (PSE)'!$D$8:$D$1007,$K56) -> 0 | M56: =IFERROR($L56/SUM($L$47:$L$56),0) -> 0
A57: 47 | B57: =IF(Macrociclo!$C$11="","",Macrociclo!$C$11+($A57-1)*7) -> 46349 | C57: =SUMIFS('Carga (PSE)'!$G$8:$G$1007,'Carga (PSE)'!$B$8:$B$1007,$A57) -> 0 | D57: =IFERROR($C57/MAX(1,COUNTIF(Cadastro!$T$7:$T$66,"Ativo")),0) -> 0 | E57: =COUNTIFS('Carga (PSE)'!$B$8:$B$1007,$A57) -> 0 | F57: =IFERROR(AVERAGEIFS('Carga (PSE)'!$F$8:$F$1007,'Carga (PSE)'!$B$8:$B$1007,$A57),0) -> 0 | G57: =IFERROR(AVERAGEIFS(Wellness!$H$8:$H$1007,Wellness!$B$8:$B$1007,$A57),0) -> 0 | H57: =IFERROR(AVERAGEIFS('Carga (PSE)'!$J$8:$J$1007,'Carga (PSE)'!$B$8:$B$1007,$A57),0) -> 0 | I57: =IFERROR(COUNTIFS(Presença!$B$8:$B$1007,$A57,Presença!$E$8:$E$1007,"Presente")/MAX(1,COUNTIFS(Presença!$B$8:$B$1007,$A57)),0) -> 0
A58: 48 | B58: =IF(Macrociclo!$C$11="","",Macrociclo!$C$11+($A58-1)*7) -> 46356 | C58: =SUMIFS('Carga (PSE)'!$G$8:$G$1007,'Carga (PSE)'!$B$8:$B$1007,$A58) -> 0 | D58: =IFERROR($C58/MAX(1,COUNTIF(Cadastro!$T$7:$T$66,"Ativo")),0) -> 0 | E58: =COUNTIFS('Carga (PSE)'!$B$8:$B$1007,$A58) -> 0 | F58: =IFERROR(AVERAGEIFS('Carga (PSE)'!$F$8:$F$1007,'Carga (PSE)'!$B$8:$B$1007,$A58),0) -> 0 | G58: =IFERROR(AVERAGEIFS(Wellness!$H$8:$H$1007,Wellness!$B$8:$B$1007,$A58),0) -> 0 | H58: =IFERROR(AVERAGEIFS('Carga (PSE)'!$J$8:$J$1007,'Carga (PSE)'!$B$8:$B$1007,$A58),0) -> 0 | I58: =IFERROR(COUNTIFS(Presença!$B$8:$B$1007,$A58,Presença!$E$8:$E$1007,"Presente")/MAX(1,COUNTIFS(Presença!$B$8:$B$1007,$A58)),0) -> 0
A61: RANKING E SITUAÇÃO POR ATLETA
A62: Atleta | B62: Posição | C62: Sessões | D62: Carga Total (UA) | E62: Carga Média/Sessão (UA) | F62: ACWR Atual | G62: % Presença | H62: Hooper Médio | I62: Situação
A63: =IF(Cadastro!$B7="","",Cadastro!$B7) | B63: =IF($A63="","",Cadastro!$F7) | C63: =IF($A63="",0,COUNTIFS('Carga (PSE)'!$C$8:$C$1007,$A63)) -> 0 | D63: =IF($A63="",0,SUMIFS('Carga (PSE)'!$G$8:$G$1007,'Carga (PSE)'!$C$8:$C$1007,$A63)) -> 0 | E63: =IF($C63=0,0,$D63/$C63) -> 0 | F63: =IF($A63="",0,IFERROR(AVERAGEIFS('Carga (PSE)'!$J$8:$J$1007,'Carga (PSE)'!$C$8:$C$1007,$A63,'Carga (PSE)'!$A$8:$A$1007,SUMPRODUCT(MAX(('Carga (PSE)'!$C$8:$C$1007=$A63)*'Carga (PSE)'!$A$8:$A$1007))),0)) -> 0 | G63: =IF($A63="",0,IFERROR(INDEX(Presença!$L$8:$L$67,MATCH($A63,Presença!$I$8:$I$67,0)),0)) -> 0 | H63: =IF($A63="",0,IFERROR(AVERAGEIFS(Wellness!$H$8:$H$1007,Wellness!$C$8:$C$1007,$A63),0)) -> 0 | I63: =IF($A63="","",IF(Cadastro!$T7="Lesionado","LESIONADO",IF($F63>1.5,"ALERTA — carga aguda alta",IF($H63>16,"ALERTA — wellness baixo",IF(AND($G63>0,$G63<0.75),"Assiduidade baixa",IF($C63=0,"Sem registros","OK"))))))
A64: =IF(Cadastro!$B8="","",Cadastro!$B8) | B64: =IF($A64="","",Cadastro!$F8) | C64: =IF($A64="",0,COUNTIFS('Carga (PSE)'!$C$8:$C$1007,$A64)) -> 0 | D64: =IF($A64="",0,SUMIFS('Carga (PSE)'!$G$8:$G$1007,'Carga (PSE)'!$C$8:$C$1007,$A64)) -> 0 | E64: =IF($C64=0,0,$D64/$C64) -> 0 | F64: =IF($A64="",0,IFERROR(AVERAGEIFS('Carga (PSE)'!$J$8:$J$1007,'Carga (PSE)'!$C$8:$C$1007,$A64,'Carga (PSE)'!$A$8:$A$1007,SUMPRODUCT(MAX(('Carga (PSE)'!$C$8:$C$1007=$A64)*'Carga (PSE)'!$A$8:$A$1007))),0)) -> 0 | G64: =IF($A64="",0,IFERROR(INDEX(Presença!$L$8:$L$67,MATCH($A64,Presença!$I$8:$I$67,0)),0)) -> 0 | H64: =IF($A64="",0,IFERROR(AVERAGEIFS(Wellness!$H$8:$H$1007,Wellness!$C$8:$C$1007,$A64),0)) -> 0 | I64: =IF($A64="","",IF(Cadastro!$T8="Lesionado","LESIONADO",IF($F64>1.5,"ALERTA — carga aguda alta",IF($H64>16,"ALERTA — wellness baixo",IF(AND($G64>0,$G64<0.75),"Assiduidade baixa",IF($C64=0,"Sem registros","OK"))))))
A65: =IF(Cadastro!$B9="","",Cadastro!$B9) | B65: =IF($A65="","",Cadastro!$F9) | C65: =IF($A65="",0,COUNTIFS('Carga (PSE)'!$C$8:$C$1007,$A65)) -> 0 | D65: =IF($A65="",0,SUMIFS('Carga (PSE)'!$G$8:$G$1007,'Carga (PSE)'!$C$8:$C$1007,$A65)) -> 0 | E65: =IF($C65=0,0,$D65/$C65) -> 0 | F65: =IF($A65="",0,IFERROR(AVERAGEIFS('Carga (PSE)'!$J$8:$J$1007,'Carga (PSE)'!$C$8:$C$1007,$A65,'Carga (PSE)'!$A$8:$A$1007,SUMPRODUCT(MAX(('Carga (PSE)'!$C$8:$C$1007=$A65)*'Carga (PSE)'!$A$8:$A$1007))),0)) -> 0 | G65: =IF($A65="",0,IFERROR(INDEX(Presença!$L$8:$L$67,MATCH($A65,Presença!$I$8:$I$67,0)),0)) -> 0 | H65: =IF($A65="",0,IFERROR(AVERAGEIFS(Wellness!$H$8:$H$1007,Wellness!$C$8:$C$1007,$A65),0)) -> 0 | I65: =IF($A65="","",IF(Cadastro!$T9="Lesionado","LESIONADO",IF($F65>1.5,"ALERTA — carga aguda alta",IF($H65>16,"ALERTA — wellness baixo",IF(AND($G65>0,$G65<0.75),"Assiduidade baixa",IF($C65=0,"Sem registros","OK"))))))
A66: =IF(Cadastro!$B10="","",Cadastro!$B10) | B66: =IF($A66="","",Cadastro!$F10) | C66: =IF($A66="",0,COUNTIFS('Carga (PSE)'!$C$8:$C$1007,$A66)) -> 0 | D66: =IF($A66="",0,SUMIFS('Carga (PSE)'!$G$8:$G$1007,'Carga (PSE)'!$C$8:$C$1007,$A66)) -> 0 | E66: =IF($C66=0,0,$D66/$C66) -> 0 | F66: =IF($A66="",0,IFERROR(AVERAGEIFS('Carga (PSE)'!$J$8:$J$1007,'Carga (PSE)'!$C$8:$C$1007,$A66,'Carga (PSE)'!$A$8:$A$1007,SUMPRODUCT(MAX(('Carga (PSE)'!$C$8:$C$1007=$A66)*'Carga (PSE)'!$A$8:$A$1007))),0)) -> 0 | G66: =IF($A66="",0,IFERROR(INDEX(Presença!$L$8:$L$67,MATCH($A66,Presença!$I$8:$I$67,0)),0)) -> 0 | H66: =IF($A66="",0,IFERROR(AVERAGEIFS(Wellness!$H$8:$H$1007,Wellness!$C$8:$C$1007,$A66),0)) -> 0 | I66: =IF($A66="","",IF(Cadastro!$T10="Lesionado","LESIONADO",IF($F66>1.5,"ALERTA — carga aguda alta",IF($H66>16,"ALERTA — wellness baixo",IF(AND($G66>0,$G66<0.75),"Assiduidade baixa",IF($C66=0,"Sem registros","OK"))))))
A67: =IF(Cadastro!$B11="","",Cadastro!$B11) | B67: =IF($A67="","",Cadastro!$F11) | C67: =IF($A67="",0,COUNTIFS('Carga (PSE)'!$C$8:$C$1007,$A67)) -> 0 | D67: =IF($A67="",0,SUMIFS('Carga (PSE)'!$G$8:$G$1007,'Carga (PSE)'!$C$8:$C$1007,$A67)) -> 0 | E67: =IF($C67=0,0,$D67/$C67) -> 0 | F67: =IF($A67="",0,IFERROR(AVERAGEIFS('Carga (PSE)'!$J$8:$J$1007,'Carga (PSE)'!$C$8:$C$1007,$A67,'Carga (PSE)'!$A$8:$A$1007,SUMPRODUCT(MAX(('Carga (PSE)'!$C$8:$C$1007=$A67)*'Carga (PSE)'!$A$8:$A$1007))),0)) -> 0 | G67: =IF($A67="",0,IFERROR(INDEX(Presença!$L$8:$L$67,MATCH($A67,Presença!$I$8:$I$67,0)),0)) -> 0 | H67: =IF($A67="",0,IFERROR(AVERAGEIFS(Wellness!$H$8:$H$1007,Wellness!$C$8:$C$1007,$A67),0)) -> 0 | I67: =IF($A67="","",IF(Cadastro!$T11="Lesionado","LESIONADO",IF($F67>1.5,"ALERTA — carga aguda alta",IF($H67>16,"ALERTA — wellness baixo",IF(AND($G67>0,$G67<0.75),"Assiduidade baixa",IF($C67=0,"Sem registros","OK"))))))
A68: =IF(Cadastro!$B12="","",Cadastro!$B12) | B68: =IF($A68="","",Cadastro!$F12) | C68: =IF($A68="",0,COUNTIFS('Carga (PSE)'!$C$8:$C$1007,$A68)) -> 0 | D68: =IF($A68="",0,SUMIFS('Carga (PSE)'!$G$8:$G$1007,'Carga (PSE)'!$C$8:$C$1007,$A68)) -> 0 | E68: =IF($C68=0,0,$D68/$C68) -> 0 | F68: =IF($A68="",0,IFERROR(AVERAGEIFS('Carga (PSE)'!$J$8:$J$1007,'Carga (PSE)'!$C$8:$C$1007,$A68,'Carga (PSE)'!$A$8:$A$1007,SUMPRODUCT(MAX(('Carga (PSE)'!$C$8:$C$1007=$A68)*'Carga (PSE)'!$A$8:$A$1007))),0)) -> 0 | G68: =IF($A68="",0,IFERROR(INDEX(Presença!$L$8:$L$67,MATCH($A68,Presença!$I$8:$I$67,0)),0)) -> 0 | H68: =IF($A68="",0,IFERROR(AVERAGEIFS(Wellness!$H$8:$H$1007,Wellness!$C$8:$C$1007,$A68),0)) -> 0 | I68: =IF($A68="","",IF(Cadastro!$T12="Lesionado","LESIONADO",IF($F68>1.5,"ALERTA — carga aguda alta",IF($H68>16,"ALERTA — wellness baixo",IF(AND($G68>0,$G68<0.75),"Assiduidade baixa",IF($C68=0,"Sem registros","OK"))))))
A69: =IF(Cadastro!$B13="","",Cadastro!$B13) | B69: =IF($A69="","",Cadastro!$F13) | C69: =IF($A69="",0,COUNTIFS('Carga (PSE)'!$C$8:$C$1007,$A69)) -> 0 | D69: =IF($A69="",0,SUMIFS('Carga (PSE)'!$G$8:$G$1007,'Carga (PSE)'!$C$8:$C$1007,$A69)) -> 0 | E69: =IF($C69=0,0,$D69/$C69) -> 0 | F69: =IF($A69="",0,IFERROR(AVERAGEIFS('Carga (PSE)'!$J$8:$J$1007,'Carga (PSE)'!$C$8:$C$1007,$A69,'Carga (PSE)'!$A$8:$A$1007,SUMPRODUCT(MAX(('Carga (PSE)'!$C$8:$C$1007=$A69)*'Carga (PSE)'!$A$8:$A$1007))),0)) -> 0 | G69: =IF($A69="",0,IFERROR(INDEX(Presença!$L$8:$L$67,MATCH($A69,Presença!$I$8:$I$67,0)),0)) -> 0 | H69: =IF($A69="",0,IFERROR(AVERAGEIFS(Wellness!$H$8:$H$1007,Wellness!$C$8:$C$1007,$A69),0)) -> 0 | I69: =IF($A69="","",IF(Cadastro!$T13="Lesionado","LESIONADO",IF($F69>1.5,"ALERTA — carga aguda alta",IF($H69>16,"ALERTA — wellness baixo",IF(AND($G69>0,$G69<0.75),"Assiduidade baixa",IF($C69=0,"Sem registros","OK"))))))
A70: =IF(Cadastro!$B14="","",Cadastro!$B14) | B70: =IF($A70="","",Cadastro!$F14) | C70: =IF($A70="",0,COUNTIFS('Carga (PSE)'!$C$8:$C$1007,$A70)) -> 0 | D70: =IF($A70="",0,SUMIFS('Carga (PSE)'!$G$8:$G$1007,'Carga (PSE)'!$C$8:$C$1007,$A70)) -> 0 | E70: =IF($C70=0,0,$D70/$C70) -> 0 | F70: =IF($A70="",0,IFERROR(AVERAGEIFS('Carga (PSE)'!$J$8:$J$1007,'Carga (PSE)'!$C$8:$C$1007,$A70,'Carga (PSE)'!$A$8:$A$1007,SUMPRODUCT(MAX(('Carga (PSE)'!$C$8:$C$1007=$A70)*'Carga (PSE)'!$A$8:$A$1007))),0)) -> 0 | G70: =IF($A70="",0,IFERROR(INDEX(Presença!$L$8:$L$67,MATCH($A70,Presença!$I$8:$I$67,0)),0)) -> 0 | H70: =IF($A70="",0,IFERROR(AVERAGEIFS(Wellness!$H$8:$H$1007,Wellness!$C$8:$C$1007,$A70),0)) -> 0 | I70: =IF($A70="","",IF(Cadastro!$T14="Lesionado","LESIONADO",IF($F70>1.5,"ALERTA — carga aguda alta",IF($H70>16,"ALERTA — wellness baixo",IF(AND($G70>0,$G70<0.75),"Assiduidade baixa",IF($C70=0,"Sem registros","OK"))))))
A71: =IF(Cadastro!$B15="","",Cadastro!$B15) | B71: =IF($A71="","",Cadastro!$F15) | C71: =IF($A71="",0,COUNTIFS('Carga (PSE)'!$C$8:$C$1007,$A71)) -> 0 | D71: =IF($A71="",0,SUMIFS('Carga (PSE)'!$G$8:$G$1007,'Carga (PSE)'!$C$8:$C$1007,$A71)) -> 0 | E71: =IF($C71=0,0,$D71/$C71) -> 0 | F71: =IF($A71="",0,IFERROR(AVERAGEIFS('Carga (PSE)'!$J$8:$J$1007,'Carga (PSE)'!$C$8:$C$1007,$A71,'Carga (PSE)'!$A$8:$A$1007,SUMPRODUCT(MAX(('Carga (PSE)'!$C$8:$C$1007=$A71)*'Carga (PSE)'!$A$8:$A$1007))),0)) -> 0 | G71: =IF($A71="",0,IFERROR(INDEX(Presença!$L$8:$L$67,MATCH($A71,Presença!$I$8:$I$67,0)),0)) -> 0 | H71: =IF($A71="",0,IFERROR(AVERAGEIFS(Wellness!$H$8:$H$1007,Wellness!$C$8:$C$1007,$A71),0)) -> 0 | I71: =IF($A71="","",IF(Cadastro!$T15="Lesionado","LESIONADO",IF($F71>1.5,"ALERTA — carga aguda alta",IF($H71>16,"ALERTA — wellness baixo",IF(AND($G71>0,$G71<0.75),"Assiduidade baixa",IF($C71=0,"Sem registros","OK"))))))
A72: =IF(Cadastro!$B16="","",Cadastro!$B16) | B72: =IF($A72="","",Cadastro!$F16) | C72: =IF($A72="",0,COUNTIFS('Carga (PSE)'!$C$8:$C$1007,$A72)) -> 0 | D72: =IF($A72="",0,SUMIFS('Carga (PSE)'!$G$8:$G$1007,'Carga (PSE)'!$C$8:$C$1007,$A72)) -> 0 | E72: =IF($C72=0,0,$D72/$C72) -> 0 | F72: =IF($A72="",0,IFERROR(AVERAGEIFS('Carga (PSE)'!$J$8:$J$1007,'Carga (PSE)'!$C$8:$C$1007,$A72,'Carga (PSE)'!$A$8:$A$1007,SUMPRODUCT(MAX(('Carga (PSE)'!$C$8:$C$1007=$A72)*'Carga (PSE)'!$A$8:$A$1007))),0)) -> 0 | G72: =IF($A72="",0,IFERROR(INDEX(Presença!$L$8:$L$67,MATCH($A72,Presença!$I$8:$I$67,0)),0)) -> 0 | H72: =IF($A72="",0,IFERROR(AVERAGEIFS(Wellness!$H$8:$H$1007,Wellness!$C$8:$C$1007,$A72),0)) -> 0 | I72: =IF($A72="","",IF(Cadastro!$T16="Lesionado","LESIONADO",IF($F72>1.5,"ALERTA — carga aguda alta",IF($H72>16,"ALERTA — wellness baixo",IF(AND($G72>0,$G72<0.75),"Assiduidade baixa",IF($C72=0,"Sem registros","OK"))))))
A73: =IF(Cadastro!$B17="","",Cadastro!$B17) | B73: =IF($A73="","",Cadastro!$F17) | C73: =IF($A73="",0,COUNTIFS('Carga (PSE)'!$C$8:$C$1007,$A73)) -> 0 | D73: =IF($A73="",0,SUMIFS('Carga (PSE)'!$G$8:$G$1007,'Carga (PSE)'!$C$8:$C$1007,$A73)) -> 0 | E73: =IF($C73=0,0,$D73/$C73) -> 0 | F73: =IF($A73="",0,IFERROR(AVERAGEIFS('Carga (PSE)'!$J$8:$J$1007,'Carga (PSE)'!$C$8:$C$1007,$A73,'Carga (PSE)'!$A$8:$A$1007,SUMPRODUCT(MAX(('Carga (PSE)'!$C$8:$C$1007=$A73)*'Carga (PSE)'!$A$8:$A$1007))),0)) -> 0 | G73: =IF($A73="",0,IFERROR(INDEX(Presença!$L$8:$L$67,MATCH($A73,Presença!$I$8:$I$67,0)),0)) -> 0 | H73: =IF($A73="",0,IFERROR(AVERAGEIFS(Wellness!$H$8:$H$1007,Wellness!$C$8:$C$1007,$A73),0)) -> 0 | I73: =IF($A73="","",IF(Cadastro!$T17="Lesionado","LESIONADO",IF($F73>1.5,"ALERTA — carga aguda alta",IF($H73>16,"ALERTA — wellness baixo",IF(AND($G73>0,$G73<0.75),"Assiduidade baixa",IF($C73=0,"Sem registros","OK"))))))
A74: =IF(Cadastro!$B18="","",Cadastro!$B18) | B74: =IF($A74="","",Cadastro!$F18) | C74: =IF($A74="",0,COUNTIFS('Carga (PSE)'!$C$8:$C$1007,$A74)) -> 0 | D74: =IF($A74="",0,SUMIFS('Carga (PSE)'!$G$8:$G$1007,'Carga (PSE)'!$C$8:$C$1007,$A74)) -> 0 | E74: =IF($C74=0,0,$D74/$C74) -> 0 | F74: =IF($A74="",0,IFERROR(AVERAGEIFS('Carga (PSE)'!$J$8:$J$1007,'Carga (PSE)'!$C$8:$C$1007,$A74,'Carga (PSE)'!$A$8:$A$1007,SUMPRODUCT(MAX(('Carga (PSE)'!$C$8:$C$1007=$A74)*'Carga (PSE)'!$A$8:$A$1007))),0)) -> 0 | G74: =IF($A74="",0,IFERROR(INDEX(Presença!$L$8:$L$67,MATCH($A74,Presença!$I$8:$I$67,0)),0)) -> 0 | H74: =IF($A74="",0,IFERROR(AVERAGEIFS(Wellness!$H$8:$H$1007,Wellness!$C$8:$C$1007,$A74),0)) -> 0 | I74: =IF($A74="","",IF(Cadastro!$T18="Lesionado","LESIONADO",IF($F74>1.5,"ALERTA — carga aguda alta",IF($H74>16,"ALERTA — wellness baixo",IF(AND($G74>0,$G74<0.75),"Assiduidade baixa",IF($C74=0,"Sem registros","OK"))))))
... A122: =IF(Cadastro!$B66="","",Cadastro!$B66) | B122: =IF($A122="","",Cadastro!$F66) | C122: =IF($A122="",0,COUNTIFS('Carga (PSE)'!$C$8:$C$1007,$A122)) -> 0 | D122: =IF($A122="",0,SUMIFS('Carga (PSE)'!$G$8:$G$1007,'Carga (PSE)'!$C$8:$C$1007,$A122)) -> 0 | E122: =IF($C122=0,0,$D122/$C122) -> 0 | F122: =IF($A122="",0,IFERROR(AVERAGEIFS('Carga (PSE)'!$J$8:$J$1007,'Carga (PSE)'!$C$8:$C$1007,$A122,'Carga (PSE)'!$A$8:$A$1007,SUMPRODUCT(MAX(('Carga (PSE)'!$C$8:$C$1007=$A122)*'Carga (PSE)'!$A$8:$A$1007))),0)) -> 0 | G122: =IF($A122="",0,IFERROR(INDEX(Presença!$L$8:$L$67,MATCH($A122,Presença!$I$8:$I$67,0)),0)) -> 0 | H122: =IF($A122="",0,IFERROR(AVERAGEIFS(Wellness!$H$8:$H$1007,Wellness!$C$8:$C$1007,$A122),0)) -> 0 | I122: =IF($A122="","",IF(Cadastro!$T66="Lesionado","LESIONADO",IF($F122>1.5,"ALERTA — carga aguda alta",IF($H122>16,"ALERTA — wellness baixo",IF(AND($G122>0,$G122<0.75),"Assiduidade baixa",IF($C122=0,"Sem registros","OK"))))))

Sheet Listas
A1: LISTAS AUXILIARES | fonte das caixas de seleção
A2: Edite/complemente as opções abaixo — elas alimentam automaticamente todos os menus suspensos da planilha.
A4: Posição | B4: Categoria | C4: Sexo | D4: Dominância | E4: Status do Atleta | F4: Período do Macro | G4: Tipo de Microciclo | H4: Bloco da Sessão | I4: Categoria Exerc. | J4: Fundamento | K4: Capacidade Física | L4: Presença | M4: Intensidade | N4: PSE (0-10) | O4: Escala 1-7 | P4: Turno | Q4: Tipo de Sessão | R4: Nível | S4: Situação | T4: Momento do Teste | V4: Destinatário (auto)
A5: Levantador | B5: Sub-13 | C5: Masculino | D5: Destro | E5: Ativo | F5: Preparatório Geral | G5: Incorporação | H5: Aquecimento | I5: Técnico | J5: Saque | K5: Força Máxima | L5: Presente | M5: Muito Baixa | N5: 0 | O5: 1 | P5: Manhã | Q5: Técnico-Tático | R5: Iniciante | S5: Planejado | T5: Pré-temporada | V5: Equipe (todos)
A6: Oposto | B6: Sub-15 | C6: Feminino | D6: Canhoto | E6: Lesionado | F6: Preparatório Específico | G6: Ordinário | H6: Ativação / Prevenção | I6: Tático | J6: Recepção (Passe) | K6: Força Explosiva/Potência | L6: Falta Justificada | M6: Baixa | N6: 1 | O6: 2 | P6: Tarde | Q6: Físico (Força) | R6: Intermediário | S6: Em execução | T6: Fim Meso 1 | V6: =IF(Cadastro!$B$7="","",Cadastro!$B$7)
A7: Ponteiro (Ponta) | B7: Sub-17 | D7: Ambidestro | E7: Departamento Médico | F7: Pré-Competitivo | G7: Choque | H7: Parte Principal | I7: Físico | J7: Levantamento | K7: Pliometria | L7: Falta Não Justificada | M7: Moderada | N7: 2 | O7: 3 | P7: Noite | Q7: Físico (Potência) | R7: Avançado | S7: Concluído | T7: Fim Meso 2 | V7: =IF(Cadastro!$B$8="","",Cadastro!$B$8)
A8: Central | B8: Sub-19 | E8: Em transição | F8: Competitivo I | G8: Recuperativo | H8: Complementar | I8: Preventivo/Compensatório | J8: Ataque | K8: Velocidade | L8: Lesionado | M8: Alta | N8: 3 | O8: 4 | Q8: Físico (Condicionamento) | S8: Cancelado | T8: Fim Meso 3 | V8: =IF(Cadastro!$B$9="","",Cadastro!$B$9)
A9: Líbero | B9: Sub-21 | E9: Afastado | F9: Competitivo II | G9: Pré-Competitivo | H9: Volta à Calma | I9: Recuperação | J9: Bloqueio | K9: Agilidade/COD | L9: Departamento Médico | M9: Muito Alta | N9: 4 | O9: 5 | Q9: Coletivo/Jogo | T9: Meio da Temporada | V9: =IF(Cadastro!$B$10="","",Cadastro!$B$10)
A10: Defensor Específico | B10: Adulto | E10: Inativo | F10: Transição | G10: Competitivo | I10: Cognitivo/Visual | J10: Defesa | K10: Resistência Aeróbia | L10: Liberado | M10: Máxima | N10: 5 | O10: 6 | Q10: Amistoso | T10: Fim da Temporada | V10: =IF(Cadastro!$B$11="","",Cadastro!$B$11)
B11: Master | G11: Polimento (Taper) | J11: Deslocamento | K11: Resistência Anaeróbia | L11: Seleção/Convocado | N11: 6 | O11: 7 | Q11: Competição Oficial | T11: Retorno de Lesão | V11: =IF(Cadastro!$B$12="","",Cadastro!$B$12)
J12: Jogo/Coletivo | K12: Mobilidade/Flexibilidade | N12: 7 | Q12: Recuperação/Regenerativo | V12: =IF(Cadastro!$B$13="","",Cadastro!$B$13)
J13: N/A | K13: Core/Estabilidade | N13: 8 | Q13: Vídeo/Teórico | V13: =IF(Cadastro!$B$14="","",Cadastro!$B$14)
K14: Coordenação | N14: 9 | Q14: Folga | V14: =IF(Cadastro!$B$15="","",Cadastro!$B$15)
K15: N/A | N15: 10 | V15: =IF(Cadastro!$B$16="","",Cadastro!$B$16)
V16: =IF(Cadastro!$B$17="","",Cadastro!$B$17)
V17: =IF(Cadastro!$B$18="","",Cadastro!$B$18)
V18: =IF(Cadastro!$B$19="","",Cadastro!$B$19)
V19: =IF(Cadastro!$B$20="","",Cadastro!$B$20)
V20: =IF(Cadastro!$B$21="","",Cadastro!$B$21)
V21: =IF(Cadastro!$B$22="","",Cadastro!$B$22)
V22: =IF(Cadastro!$B$23="","",Cadastro!$B$23)
V23: =IF(Cadastro!$B$24="","",Cadastro!$B$24)
V24: =IF(Cadastro!$B$25="","",Cadastro!$B$25)
V25: =IF(Cadastro!$B$26="","",Cadastro!$B$26)
V26: =IF(Cadastro!$B$27="","",Cadastro!$B$27)
V27: =IF(Cadastro!$B$28="","",Cadastro!$B$28)
V28: =IF(Cadastro!$B$29="","",Cadastro!$B$29)
V29: =IF(Cadastro!$B$30="","",Cadastro!$B$30)
V30: =IF(Cadastro!$B$31="","",Cadastro!$B$31)
V31: =IF(Cadastro!$B$32="","",Cadastro!$B$32)
V32: =IF(Cadastro!$B$33="","",Cadastro!$B$33)
V33: =IF(Cadastro!$B$34="","",Cadastro!$B$34)
V34: =IF(Cadastro!$B$35="","",Cadastro!$B$35)
V35: =IF(Cadastro!$B$36="","",Cadastro!$B$36)
V36: =IF(Cadastro!$B$37="","",Cadastro!$B$37)
V37: =IF(Cadastro!$B$38="","",Cadastro!$B$38)
V38: =IF(Cadastro!$B$39="","",Cadastro!$B$39)
V39: =IF(Cadastro!$B$40="","",Cadastro!$B$40)
V40: =IF(Cadastro!$B$41="","",Cadastro!$B$41)
V41: =IF(Cadastro!$B$42="","",Cadastro!$B$42)
V42: =IF(Cadastro!$B$43="","",Cadastro!$B$43)
V43: =IF(Cadastro!$B$44="","",Cadastro!$B$44)
V44: =IF(Cadastro!$B$45="","",Cadastro!$B$45)
V45: =IF(Cadastro!$B$46="","",Cadastro!$B$46)
V46: =IF(Cadastro!$B$47="","",Cadastro!$B$47)
V47: =IF(Cadastro!$B$48="","",Cadastro!$B$48)
V48: =IF(Cadastro!$B$49="","",Cadastro!$B$49)
V49: =IF(Cadastro!$B$50="","",Cadastro!$B$50)
V50: =IF(Cadastro!$B$51="","",Cadastro!$B$51)
V51: =IF(Cadastro!$B$52="","",Cadastro!$B$52)
V52: =IF(Cadastro!$B$53="","",Cadastro!$B$53)
V53: =IF(Cadastro!$B$54="","",Cadastro!$B$54)
V54: =IF(Cadastro!$B$55="","",Cadastro!$B$55)
V55: =IF(Cadastro!$B$56="","",Cadastro!$B$56)
V56: =IF(Cadastro!$B$57="","",Cadastro!$B$57)
V57: =IF(Cadastro!$B$58="","",Cadastro!$B$58)
V58: =IF(Cadastro!$B$59="","",Cadastro!$B$59)
V59: =IF(Cadastro!$B$60="","",Cadastro!$B$60)
V60: =IF(Cadastro!$B$61="","",Cadastro!$B$61)
V61: =IF(Cadastro!$B$62="","",Cadastro!$B$62)
V62: =IF(Cadastro!$B$63="","",Cadastro!$B$63)
V63: =IF(Cadastro!$B$64="","",Cadastro!$B$64)
V64: =IF(Cadastro!$B$65="","",Cadastro!$B$65)
V65: =IF(Cadastro!$B$66="","",Cadastro!$B$66)
