Workbook

Sheet Bloco
A1: BLOCO DE FORÇA E POTÊNCIA · SEMANA DO JOGO
A2: ELASE Voleibol · masculino adulto · 12 a 16 de outubro de 2026
A4: Dois dias de muita força e dois de muita potência, nesta ordem, porque é a ordem que o jogo de sexta permite: a força pesada fica longe do jogo, onde há tempo para a fadiga sair, e a potência fica perto, onde ela ajuda em vez de atrapalhar.
A7: Dia | B7: Data | C7: Foco | D7: Séries | E7: Duração | F7: Contatos | G7: Por quê
A8: Segunda | B8: 12/10 | C8: FORÇA 1 · perna | D8: ='Segunda'!A6 | E8: ='Segunda'!C6 | F8: ='Segunda'!E6 | G8: A mais pesada e a mais longe do jogo: 96 h para a fadiga sair da perna.
A9: Terça | B9: 13/10 | C9: FORÇA 2 · tronco | D9: ='Terça'!A6 | E9: ='Terça'!C6 | F9: ='Terça'!E6 | G9: Carga alta de novo, em outro tecido. A perna de ontem descansa enquanto o tronco trabalha.
A10: Quarta | B10: 14/10 | C10: POTÊNCIA 1 · completa | D10: ='Quarta'!A6 | E10: ='Quarta'!C6 | F10: ='Quarta'!E6 | G10: Percentual cai, velocidade manda. É aqui que entram os contatos pliométricos da semana.
A11: Quinta | B11: 15/10 | C11: POTÊNCIA 2 · véspera | D11: ='Quinta'!A6 | E11: ='Quinta'!C6 | F11: ='Quinta'!E6 | G11: Intensidade alta, volume baixo, 24 min. Acordar o sistema nervoso — não treinar.
A12: SEXTA | B12: 16/10 | C12: JOGO | D12: — | E12: — | F12: — | G12: Nada de sala. O bloco inteiro existe para chegar aqui.
A13: TOTAL | C13: 4 sessões | D13: =SUM(D8:D11) | E13: =SUM(E8:E11) | F13: =SUM(F8:F11) | G13: Mais o que a quadra cobrar nos mesmos quatro dias.
A15: O que decide este bloco
A16: A ordem não é preferência, é prazo. Força a 85% deixa fadiga residual por 48 a 72 horas; potência em volume baixo quase não deixa, e ainda potencia. Por isso a força vai para segunda e terça, e a potência para quarta e quinta.
A17: As duas sessões de força não repetem o tecido: segunda é perna, terça é tronco. Duas sessões pesadas seguidas no mesmo grupo não seriam duas sessões — seria uma boa e uma arrastada.
A19: A quinta é a exceção que você precisa conhecer
A20: É dia de potência DE VERDADE em intensidade — velocidade máxima, barra leve, salto alto — e volume deliberadamente baixo: 14 séries, 24 minutos, 9 contatos. Véspera de jogo com volume de potência alto chega na sexta com a perna pesada, e aí o bloco inteiro trabalhou contra o jogo.
A21: Nenhuma série até a falha, nenhuma excêntrica lenta, nenhuma carga nova na quinta. Se sobrar dúvida entre fazer e não fazer um exercício, não faça.
A23: O que eu não sei daqui
A24: Se há treino de quadra nos mesmos quatro dias — e quase certamente há. Se houver, segunda e terça a sala vem DEPOIS da quadra, ou com algumas horas de intervalo; e se a quarta tiver treino tático pesado, corte os sprints.
A25: Os contatos pliométricos contados aqui são só os de pliometria pura (drop jump e salto no caixote), que é como o app da comissão conta. As aterrissagens do jump squat e tudo o que a quadra cobra ficam de fora da conta — some-os por cima antes de decidir que 39 é pouco.
A27: Como a planilha funciona
A28: Abra a aba 1RM, ponha os nomes do elenco e o 1RM de cada um. As quatro abas de sessão calculam o quilo sozinhas, arredondado de 2,5 em 2,5 kg.
A29: Célula amarela é para preencher. Todo o resto é fórmula — mexer nela quebra a conta.
A30: 1RM em branco deixa a carga em branco, de propósito: é melhor ver o vazio e perguntar do que receber um número que ninguém mediu.

Sheet 1RM
A1: 1RM DO ELENCO
A2: A única coisa que você digita nesta planilha. Cada percentual das quatro sessões vira quilo a partir daqui, arredondado de 2,5 em 2,5 kg.
A3: Exercício de referência | B3: EXEMPLO (apague) | C3: Atleta 1 | D3: Atleta 2 | E3: Atleta 3 | F3: Atleta 4 | G3: Atleta 5 | H3: Atleta 6 | I3: Atleta 7 | J3: Atleta 8 | K3: Atleta 9 | L3: Atleta 10 | M3: Atleta 11 | N3: Atleta 12 | O3: Atleta 13 | P3: Atleta 14
A4: Agachamento | B4: 150
A5: Agachamento frontal | B5: 125
A6: Supino | B6: 110
A7: Stiff com barra | B7: 120
A8: Remada serrote | B8: 80
A9: Arranco | B9: 70
A10: Clean | B10: 95
A11: Clean pull | B11: 110
A12: Push press | B12: 75
A14: Como usar
A15: 1. Troque "Atleta 1", "Atleta 2"… pelos nomes do elenco, na linha 3.
A16: 2. Digite o 1RM de cada um nas células amarelas. Só o que foi testado.
A17: 3. Deixe EM BRANCO o que não foi medido — a sessão mostra em branco também,
A18: e campo vazio é melhor que número chutado: é dele que sai a carga do bloco inteiro.
A19: 4. A coluna EXEMPLO existe só para você ver o formato funcionando. Apague-a.
A21: Estes nove exercícios são os mesmos do app da comissão, com a mesma grafia. Mudar um nome aqui faz a carga sumir das sessões.

Sheet Segunda
A1: ELASE VOLEIBOL · MASCULINO ADULTO · SEMANA DO JOGO
A2: SEGUNDA 12/10 · FORÇA 1 · dominante de perna
A3: A sessão mais pesada da semana, e a mais longe do jogo: 96 horas para a fadiga sair das pernas.
A5: Séries | C5: Duração estimada | E5: Contatos pliométricos
A6: =SUM(D8:D15) | C6: =ROUND(SUMPRODUCT($D$8:$D$15,($F$8:$F$15+$E$8:$E$15*4))/60,0) | E6: =SUMPRODUCT(--($C$8:$C$15="Pliometria"),$D$8:$D$15,$E$8:$E$15)
A7: # | B7: Exercício | C7: Padrão | D7: Séries | E7: Reps | F7: Pausa (s) | G7: Carga | H7: Ref. de 1RM | I7: % | J7: Observação | K7: =IF('1RM'!B$3="","",'1RM'!B$3) | L7: =IF('1RM'!C$3="","",'1RM'!C$3) | M7: =IF('1RM'!D$3="","",'1RM'!D$3) | N7: =IF('1RM'!E$3="","",'1RM'!E$3) | O7: =IF('1RM'!F$3="","",'1RM'!F$3) | P7: =IF('1RM'!G$3="","",'1RM'!G$3) | Q7: =IF('1RM'!H$3="","",'1RM'!H$3) | R7: =IF('1RM'!I$3="","",'1RM'!I$3) | ... Y7: =IF('1RM'!P$3="","",'1RM'!P$3)
A8: 1 | B8: Agachamento | C8: Perna | D8: 5 | E8: 3 | F8: 180 | G8: 85% | H8: Agachamento | I8: 0.85 | J8: Âncora do bloco. Se a terceira repetição sair lenta, a série acabou. | K8: =IF($I8="","",IFERROR(IF(INDEX('1RM'!B$4:B$12,MATCH($H8,'1RM'!$A$4:$A$12,0))="","",ROUND(INDEX('1RM'!B$4:B$12,MATCH($H8,'1RM'!$A$4:$A$12,0))*$I8/2.5,0)*2.5),"")) | L8: =IF($I8="","",IFERROR(IF(INDEX('1RM'!C$4:C$12,MATCH($H8,'1RM'!$A$4:$A$12,0))="","",ROUND(INDEX('1RM'!C$4:C$12,MATCH($H8,'1RM'!$A$4:$A$12,0))*$I8/2.5,0)*2.5),"")) | M8: =IF($I8="","",IFERROR(IF(INDEX('1RM'!D$4:D$12,MATCH($H8,'1RM'!$A$4:$A$12,0))="","",ROUND(INDEX('1RM'!D$4:D$12,MATCH($H8,'1RM'!$A$4:$A$12,0))*$I8/2.5,0)*2.5),"")) | N8: =IF($I8="","",IFERROR(IF(INDEX('1RM'!E$4:E$12,MATCH($H8,'1RM'!$A$4:$A$12,0))="","",ROUND(INDEX('1RM'!E$4:E$12,MATCH($H8,'1RM'!$A$4:$A$12,0))*$I8/2.5,0)*2.5),"")) | O8: =IF($I8="","",IFERROR(IF(INDEX('1RM'!F$4:F$12,MATCH($H8,'1RM'!$A$4:$A$12,0))="","",ROUND(INDEX('1RM'!F$4:F$12,MATCH($H8,'1RM'!$A$4:$A$12,0))*$I8/2.5,0)*2.5),"")) | P8: =IF($I8="","",IFERROR(IF(INDEX('1RM'!G$4:G$12,MATCH($H8,'1RM'!$A$4:$A$12,0))="","",ROUND(INDEX('1RM'!G$4:G$12,MATCH($H8,'1RM'!$A$4:$A$12,0))*$I8/2.5,0)*2.5),"")) | Q8: =IF($I8="","",IFERROR(IF(INDEX('1RM'!H$4:H$12,MATCH($H8,'1RM'!$A$4:$A$12,0))="","",ROUND(INDEX('1RM'!H$4:H$12,MATCH($H8,'1RM'!$A$4:$A$12,0))*$I8/2.5,0)*2.5),"")) | R8: =IF($I8="","",IFERROR(IF(INDEX('1RM'!I$4:I$12,MATCH($H8,'1RM'!$A$4:$A$12,0))="","",ROUND(INDEX('1RM'!I$4:I$12,MATCH($H8,'1RM'!$A$4:$A$12,0))*$I8/2.5,0)*2.5),"")) | ... Y8: =IF($I8="","",IFERROR(IF(INDEX('1RM'!P$4:P$12,MATCH($H8,'1RM'!$A$4:$A$12,0))="","",ROUND(INDEX('1RM'!P$4:P$12,MATCH($H8,'1RM'!$A$4:$A$12,0))*$I8/2.5,0)*2.5),""))
A9: 2 | B9: Levantamento terra | C9: Perna | D9: 4 | E9: 3 | F9: 180 | G9: RIR 1 | H9: — | J9: Sem referência de 1RM no sistema: vai por repetições na reserva. Uma de sobra, nunca zero. | K9: =IF($I9="","",IFERROR(IF(INDEX('1RM'!B$4:B$12,MATCH($H9,'1RM'!$A$4:$A$12,0))="","",ROUND(INDEX('1RM'!B$4:B$12,MATCH($H9,'1RM'!$A$4:$A$12,0))*$I9/2.5,0)*2.5),"")) | L9: =IF($I9="","",IFERROR(IF(INDEX('1RM'!C$4:C$12,MATCH($H9,'1RM'!$A$4:$A$12,0))="","",ROUND(INDEX('1RM'!C$4:C$12,MATCH($H9,'1RM'!$A$4:$A$12,0))*$I9/2.5,0)*2.5),"")) | M9: =IF($I9="","",IFERROR(IF(INDEX('1RM'!D$4:D$12,MATCH($H9,'1RM'!$A$4:$A$12,0))="","",ROUND(INDEX('1RM'!D$4:D$12,MATCH($H9,'1RM'!$A$4:$A$12,0))*$I9/2.5,0)*2.5),"")) | N9: =IF($I9="","",IFERROR(IF(INDEX('1RM'!E$4:E$12,MATCH($H9,'1RM'!$A$4:$A$12,0))="","",ROUND(INDEX('1RM'!E$4:E$12,MATCH($H9,'1RM'!$A$4:$A$12,0))*$I9/2.5,0)*2.5),"")) | O9: =IF($I9="","",IFERROR(IF(INDEX('1RM'!F$4:F$12,MATCH($H9,'1RM'!$A$4:$A$12,0))="","",ROUND(INDEX('1RM'!F$4:F$12,MATCH($H9,'1RM'!$A$4:$A$12,0))*$I9/2.5,0)*2.5),"")) | P9: =IF($I9="","",IFERROR(IF(INDEX('1RM'!G$4:G$12,MATCH($H9,'1RM'!$A$4:$A$12,0))="","",ROUND(INDEX('1RM'!G$4:G$12,MATCH($H9,'1RM'!$A$4:$A$12,0))*$I9/2.5,0)*2.5),"")) | Q9: =IF($I9="","",IFERROR(IF(INDEX('1RM'!H$4:H$12,MATCH($H9,'1RM'!$A$4:$A$12,0))="","",ROUND(INDEX('1RM'!H$4:H$12,MATCH($H9,'1RM'!$A$4:$A$12,0))*$I9/2.5,0)*2.5),"")) | R9: =IF($I9="","",IFERROR(IF(INDEX('1RM'!I$4:I$12,MATCH($H9,'1RM'!$A$4:$A$12,0))="","",ROUND(INDEX('1RM'!I$4:I$12,MATCH($H9,'1RM'!$A$4:$A$12,0))*$I9/2.5,0)*2.5),"")) | ... Y9: =IF($I9="","",IFERROR(IF(INDEX('1RM'!P$4:P$12,MATCH($H9,'1RM'!$A$4:$A$12,0))="","",ROUND(INDEX('1RM'!P$4:P$12,MATCH($H9,'1RM'!$A$4:$A$12,0))*$I9/2.5,0)*2.5),""))
A10: 3 | B10: Avanço com barra, à frente e atrás | C10: Perna | D10: 3 | E10: 5 | F10: 150 | G10: RIR 2 | H10: — | J10: Cinco ciclos em CADA perna — um passo à frente e um atrás contam como um. | K10: =IF($I10="","",IFERROR(IF(INDEX('1RM'!B$4:B$12,MATCH($H10,'1RM'!$A$4:$A$12,0))="","",ROUND(INDEX('1RM'!B$4:B$12,MATCH($H10,'1RM'!$A$4:$A$12,0))*$I10/2.5,0)*2.5),"")) | L10: =IF($I10="","",IFERROR(IF(INDEX('1RM'!C$4:C$12,MATCH($H10,'1RM'!$A$4:$A$12,0))="","",ROUND(INDEX('1RM'!C$4:C$12,MATCH($H10,'1RM'!$A$4:$A$12,0))*$I10/2.5,0)*2.5),"")) | M10: =IF($I10="","",IFERROR(IF(INDEX('1RM'!D$4:D$12,MATCH($H10,'1RM'!$A$4:$A$12,0))="","",ROUND(INDEX('1RM'!D$4:D$12,MATCH($H10,'1RM'!$A$4:$A$12,0))*$I10/2.5,0)*2.5),"")) | N10: =IF($I10="","",IFERROR(IF(INDEX('1RM'!E$4:E$12,MATCH($H10,'1RM'!$A$4:$A$12,0))="","",ROUND(INDEX('1RM'!E$4:E$12,MATCH($H10,'1RM'!$A$4:$A$12,0))*$I10/2.5,0)*2.5),"")) | O10: =IF($I10="","",IFERROR(IF(INDEX('1RM'!F$4:F$12,MATCH($H10,'1RM'!$A$4:$A$12,0))="","",ROUND(INDEX('1RM'!F$4:F$12,MATCH($H10,'1RM'!$A$4:$A$12,0))*$I10/2.5,0)*2.5),"")) | P10: =IF($I10="","",IFERROR(IF(INDEX('1RM'!G$4:G$12,MATCH($H10,'1RM'!$A$4:$A$12,0))="","",ROUND(INDEX('1RM'!G$4:G$12,MATCH($H10,'1RM'!$A$4:$A$12,0))*$I10/2.5,0)*2.5),"")) | Q10: =IF($I10="","",IFERROR(IF(INDEX('1RM'!H$4:H$12,MATCH($H10,'1RM'!$A$4:$A$12,0))="","",ROUND(INDEX('1RM'!H$4:H$12,MATCH($H10,'1RM'!$A$4:$A$12,0))*$I10/2.5,0)*2.5),"")) | R10: =IF($I10="","",IFERROR(IF(INDEX('1RM'!I$4:I$12,MATCH($H10,'1RM'!$A$4:$A$12,0))="","",ROUND(INDEX('1RM'!I$4:I$12,MATCH($H10,'1RM'!$A$4:$A$12,0))*$I10/2.5,0)*2.5),"")) | ... Y10: =IF($I10="","",IFERROR(IF(INDEX('1RM'!P$4:P$12,MATCH($H10,'1RM'!$A$4:$A$12,0))="","",ROUND(INDEX('1RM'!P$4:P$12,MATCH($H10,'1RM'!$A$4:$A$12,0))*$I10/2.5,0)*2.5),""))
A11: 4 | B11: Stiff com barra | C11: Perna | D11: 4 | E11: 5 | F11: 120 | G11: 72% | H11: Stiff com barra | I11: 0.72 | J11: Excêntrica de 3 s (3-0-1-0). A carga é menor de propósito: quem manda aqui é o tempo sob tensão. | K11: =IF($I11="","",IFERROR(IF(INDEX('1RM'!B$4:B$12,MATCH($H11,'1RM'!$A$4:$A$12,0))="","",ROUND(INDEX('1RM'!B$4:B$12,MATCH($H11,'1RM'!$A$4:$A$12,0))*$I11/2.5,0)*2.5),"")) | L11: =IF($I11="","",IFERROR(IF(INDEX('1RM'!C$4:C$12,MATCH($H11,'1RM'!$A$4:$A$12,0))="","",ROUND(INDEX('1RM'!C$4:C$12,MATCH($H11,'1RM'!$A$4:$A$12,0))*$I11/2.5,0)*2.5),"")) | M11: =IF($I11="","",IFERROR(IF(INDEX('1RM'!D$4:D$12,MATCH($H11,'1RM'!$A$4:$A$12,0))="","",ROUND(INDEX('1RM'!D$4:D$12,MATCH($H11,'1RM'!$A$4:$A$12,0))*$I11/2.5,0)*2.5),"")) | N11: =IF($I11="","",IFERROR(IF(INDEX('1RM'!E$4:E$12,MATCH($H11,'1RM'!$A$4:$A$12,0))="","",ROUND(INDEX('1RM'!E$4:E$12,MATCH($H11,'1RM'!$A$4:$A$12,0))*$I11/2.5,0)*2.5),"")) | O11: =IF($I11="","",IFERROR(IF(INDEX('1RM'!F$4:F$12,MATCH($H11,'1RM'!$A$4:$A$12,0))="","",ROUND(INDEX('1RM'!F$4:F$12,MATCH($H11,'1RM'!$A$4:$A$12,0))*$I11/2.5,0)*2.5),"")) | P11: =IF($I11="","",IFERROR(IF(INDEX('1RM'!G$4:G$12,MATCH($H11,'1RM'!$A$4:$A$12,0))="","",ROUND(INDEX('1RM'!G$4:G$12,MATCH($H11,'1RM'!$A$4:$A$12,0))*$I11/2.5,0)*2.5),"")) | Q11: =IF($I11="","",IFERROR(IF(INDEX('1RM'!H$4:H$12,MATCH($H11,'1RM'!$A$4:$A$12,0))="","",ROUND(INDEX('1RM'!H$4:H$12,MATCH($H11,'1RM'!$A$4:$A$12,0))*$I11/2.5,0)*2.5),"")) | R11: =IF($I11="","",IFERROR(IF(INDEX('1RM'!I$4:I$12,MATCH($H11,'1RM'!$A$4:$A$12,0))="","",ROUND(INDEX('1RM'!I$4:I$12,MATCH($H11,'1RM'!$A$4:$A$12,0))*$I11/2.5,0)*2.5),"")) | ... Y11: =IF($I11="","",IFERROR(IF(INDEX('1RM'!P$4:P$12,MATCH($H11,'1RM'!$A$4:$A$12,0))="","",ROUND(INDEX('1RM'!P$4:P$12,MATCH($H11,'1RM'!$A$4:$A$12,0))*$I11/2.5,0)*2.5),""))
A12: 5 | B12: Elevação pélvica unilateral | C12: Perna | D12: 3 | E12: 10 | F12: 90 | G12: RIR 2 | H12: — | J12: Dez em cada perna. | K12: =IF($I12="","",IFERROR(IF(INDEX('1RM'!B$4:B$12,MATCH($H12,'1RM'!$A$4:$A$12,0))="","",ROUND(INDEX('1RM'!B$4:B$12,MATCH($H12,'1RM'!$A$4:$A$12,0))*$I12/2.5,0)*2.5),"")) | L12: =IF($I12="","",IFERROR(IF(INDEX('1RM'!C$4:C$12,MATCH($H12,'1RM'!$A$4:$A$12,0))="","",ROUND(INDEX('1RM'!C$4:C$12,MATCH($H12,'1RM'!$A$4:$A$12,0))*$I12/2.5,0)*2.5),"")) | M12: =IF($I12="","",IFERROR(IF(INDEX('1RM'!D$4:D$12,MATCH($H12,'1RM'!$A$4:$A$12,0))="","",ROUND(INDEX('1RM'!D$4:D$12,MATCH($H12,'1RM'!$A$4:$A$12,0))*$I12/2.5,0)*2.5),"")) | N12: =IF($I12="","",IFERROR(IF(INDEX('1RM'!E$4:E$12,MATCH($H12,'1RM'!$A$4:$A$12,0))="","",ROUND(INDEX('1RM'!E$4:E$12,MATCH($H12,'1RM'!$A$4:$A$12,0))*$I12/2.5,0)*2.5),"")) | O12: =IF($I12="","",IFERROR(IF(INDEX('1RM'!F$4:F$12,MATCH($H12,'1RM'!$A$4:$A$12,0))="","",ROUND(INDEX('1RM'!F$4:F$12,MATCH($H12,'1RM'!$A$4:$A$12,0))*$I12/2.5,0)*2.5),"")) | P12: =IF($I12="","",IFERROR(IF(INDEX('1RM'!G$4:G$12,MATCH($H12,'1RM'!$A$4:$A$12,0))="","",ROUND(INDEX('1RM'!G$4:G$12,MATCH($H12,'1RM'!$A$4:$A$12,0))*$I12/2.5,0)*2.5),"")) | Q12: =IF($I12="","",IFERROR(IF(INDEX('1RM'!H$4:H$12,MATCH($H12,'1RM'!$A$4:$A$12,0))="","",ROUND(INDEX('1RM'!H$4:H$12,MATCH($H12,'1RM'!$A$4:$A$12,0))*$I12/2.5,0)*2.5),"")) | R12: =IF($I12="","",IFERROR(IF(INDEX('1RM'!I$4:I$12,MATCH($H12,'1RM'!$A$4:$A$12,0))="","",ROUND(INDEX('1RM'!I$4:I$12,MATCH($H12,'1RM'!$A$4:$A$12,0))*$I12/2.5,0)*2.5),"")) | ... Y12: =IF($I12="","",IFERROR(IF(INDEX('1RM'!P$4:P$12,MATCH($H12,'1RM'!$A$4:$A$12,0))="","",ROUND(INDEX('1RM'!P$4:P$12,MATCH($H12,'1RM'!$A$4:$A$12,0))*$I12/2.5,0)*2.5),""))
A13: 6 | B13: Nórdico de isquiotibiais (excêntrico) | C13: Perna | D13: 3 | E13: 6 | F13: 90 | G13: peso do corpo | H13: — | J13: É a dose que reduz lesão de posterior. Descida lenta até perder o controle. | K13: =IF($I13="","",IFERROR(IF(INDEX('1RM'!B$4:B$12,MATCH($H13,'1RM'!$A$4:$A$12,0))="","",ROUND(INDEX('1RM'!B$4:B$12,MATCH($H13,'1RM'!$A$4:$A$12,0))*$I13/2.5,0)*2.5),"")) | L13: =IF($I13="","",IFERROR(IF(INDEX('1RM'!C$4:C$12,MATCH($H13,'1RM'!$A$4:$A$12,0))="","",ROUND(INDEX('1RM'!C$4:C$12,MATCH($H13,'1RM'!$A$4:$A$12,0))*$I13/2.5,0)*2.5),"")) | M13: =IF($I13="","",IFERROR(IF(INDEX('1RM'!D$4:D$12,MATCH($H13,'1RM'!$A$4:$A$12,0))="","",ROUND(INDEX('1RM'!D$4:D$12,MATCH($H13,'1RM'!$A$4:$A$12,0))*$I13/2.5,0)*2.5),"")) | N13: =IF($I13="","",IFERROR(IF(INDEX('1RM'!E$4:E$12,MATCH($H13,'1RM'!$A$4:$A$12,0))="","",ROUND(INDEX('1RM'!E$4:E$12,MATCH($H13,'1RM'!$A$4:$A$12,0))*$I13/2.5,0)*2.5),"")) | O13: =IF($I13="","",IFERROR(IF(INDEX('1RM'!F$4:F$12,MATCH($H13,'1RM'!$A$4:$A$12,0))="","",ROUND(INDEX('1RM'!F$4:F$12,MATCH($H13,'1RM'!$A$4:$A$12,0))*$I13/2.5,0)*2.5),"")) | P13: =IF($I13="","",IFERROR(IF(INDEX('1RM'!G$4:G$12,MATCH($H13,'1RM'!$A$4:$A$12,0))="","",ROUND(INDEX('1RM'!G$4:G$12,MATCH($H13,'1RM'!$A$4:$A$12,0))*$I13/2.5,0)*2.5),"")) | Q13: =IF($I13="","",IFERROR(IF(INDEX('1RM'!H$4:H$12,MATCH($H13,'1RM'!$A$4:$A$12,0))="","",ROUND(INDEX('1RM'!H$4:H$12,MATCH($H13,'1RM'!$A$4:$A$12,0))*$I13/2.5,0)*2.5),"")) | R13: =IF($I13="","",IFERROR(IF(INDEX('1RM'!I$4:I$12,MATCH($H13,'1RM'!$A$4:$A$12,0))="","",ROUND(INDEX('1RM'!I$4:I$12,MATCH($H13,'1RM'!$A$4:$A$12,0))*$I13/2.5,0)*2.5),"")) | ... Y13: =IF($I13="","",IFERROR(IF(INDEX('1RM'!P$4:P$12,MATCH($H13,'1RM'!$A$4:$A$12,0))="","",ROUND(INDEX('1RM'!P$4:P$12,MATCH($H13,'1RM'!$A$4:$A$12,0))*$I13/2.5,0)*2.5),""))
A14: 7 | B14: Elevação de calcanhares | C14: Perna | D14: 3 | E14: 8 | F14: 60 | G14: RIR 2 | H14: — | J14: Descida de 3 s. | K14: =IF($I14="","",IFERROR(IF(INDEX('1RM'!B$4:B$12,MATCH($H14,'1RM'!$A$4:$A$12,0))="","",ROUND(INDEX('1RM'!B$4:B$12,MATCH($H14,'1RM'!$A$4:$A$12,0))*$I14/2.5,0)*2.5),"")) | L14: =IF($I14="","",IFERROR(IF(INDEX('1RM'!C$4:C$12,MATCH($H14,'1RM'!$A$4:$A$12,0))="","",ROUND(INDEX('1RM'!C$4:C$12,MATCH($H14,'1RM'!$A$4:$A$12,0))*$I14/2.5,0)*2.5),"")) | M14: =IF($I14="","",IFERROR(IF(INDEX('1RM'!D$4:D$12,MATCH($H14,'1RM'!$A$4:$A$12,0))="","",ROUND(INDEX('1RM'!D$4:D$12,MATCH($H14,'1RM'!$A$4:$A$12,0))*$I14/2.5,0)*2.5),"")) | N14: =IF($I14="","",IFERROR(IF(INDEX('1RM'!E$4:E$12,MATCH($H14,'1RM'!$A$4:$A$12,0))="","",ROUND(INDEX('1RM'!E$4:E$12,MATCH($H14,'1RM'!$A$4:$A$12,0))*$I14/2.5,0)*2.5),"")) | O14: =IF($I14="","",IFERROR(IF(INDEX('1RM'!F$4:F$12,MATCH($H14,'1RM'!$A$4:$A$12,0))="","",ROUND(INDEX('1RM'!F$4:F$12,MATCH($H14,'1RM'!$A$4:$A$12,0))*$I14/2.5,0)*2.5),"")) | P14: =IF($I14="","",IFERROR(IF(INDEX('1RM'!G$4:G$12,MATCH($H14,'1RM'!$A$4:$A$12,0))="","",ROUND(INDEX('1RM'!G$4:G$12,MATCH($H14,'1RM'!$A$4:$A$12,0))*$I14/2.5,0)*2.5),"")) | Q14: =IF($I14="","",IFERROR(IF(INDEX('1RM'!H$4:H$12,MATCH($H14,'1RM'!$A$4:$A$12,0))="","",ROUND(INDEX('1RM'!H$4:H$12,MATCH($H14,'1RM'!$A$4:$A$12,0))*$I14/2.5,0)*2.5),"")) | R14: =IF($I14="","",IFERROR(IF(INDEX('1RM'!I$4:I$12,MATCH($H14,'1RM'!$A$4:$A$12,0))="","",ROUND(INDEX('1RM'!I$4:I$12,MATCH($H14,'1RM'!$A$4:$A$12,0))*$I14/2.5,0)*2.5),"")) | ... Y14: =IF($I14="","",IFERROR(IF(INDEX('1RM'!P$4:P$12,MATCH($H14,'1RM'!$A$4:$A$12,0))="","",ROUND(INDEX('1RM'!P$4:P$12,MATCH($H14,'1RM'!$A$4:$A$12,0))*$I14/2.5,0)*2.5),""))
A15: 8 | B15: Abdominal reto com braços esticados | C15: Core | D15: 3 | E15: 20 | F15: 45 | G15: RIR 2 | H15: — | K15: =IF($I15="","",IFERROR(IF(INDEX('1RM'!B$4:B$12,MATCH($H15,'1RM'!$A$4:$A$12,0))="","",ROUND(INDEX('1RM'!B$4:B$12,MATCH($H15,'1RM'!$A$4:$A$12,0))*$I15/2.5,0)*2.5),"")) | L15: =IF($I15="","",IFERROR(IF(INDEX('1RM'!C$4:C$12,MATCH($H15,'1RM'!$A$4:$A$12,0))="","",ROUND(INDEX('1RM'!C$4:C$12,MATCH($H15,'1RM'!$A$4:$A$12,0))*$I15/2.5,0)*2.5),"")) | M15: =IF($I15="","",IFERROR(IF(INDEX('1RM'!D$4:D$12,MATCH($H15,'1RM'!$A$4:$A$12,0))="","",ROUND(INDEX('1RM'!D$4:D$12,MATCH($H15,'1RM'!$A$4:$A$12,0))*$I15/2.5,0)*2.5),"")) | N15: =IF($I15="","",IFERROR(IF(INDEX('1RM'!E$4:E$12,MATCH($H15,'1RM'!$A$4:$A$12,0))="","",ROUND(INDEX('1RM'!E$4:E$12,MATCH($H15,'1RM'!$A$4:$A$12,0))*$I15/2.5,0)*2.5),"")) | O15: =IF($I15="","",IFERROR(IF(INDEX('1RM'!F$4:F$12,MATCH($H15,'1RM'!$A$4:$A$12,0))="","",ROUND(INDEX('1RM'!F$4:F$12,MATCH($H15,'1RM'!$A$4:$A$12,0))*$I15/2.5,0)*2.5),"")) | P15: =IF($I15="","",IFERROR(IF(INDEX('1RM'!G$4:G$12,MATCH($H15,'1RM'!$A$4:$A$12,0))="","",ROUND(INDEX('1RM'!G$4:G$12,MATCH($H15,'1RM'!$A$4:$A$12,0))*$I15/2.5,0)*2.5),"")) | Q15: =IF($I15="","",IFERROR(IF(INDEX('1RM'!H$4:H$12,MATCH($H15,'1RM'!$A$4:$A$12,0))="","",ROUND(INDEX('1RM'!H$4:H$12,MATCH($H15,'1RM'!$A$4:$A$12,0))*$I15/2.5,0)*2.5),"")) | R15: =IF($I15="","",IFERROR(IF(INDEX('1RM'!I$4:I$12,MATCH($H15,'1RM'!$A$4:$A$12,0))="","",ROUND(INDEX('1RM'!I$4:I$12,MATCH($H15,'1RM'!$A$4:$A$12,0))*$I15/2.5,0)*2.5),"")) | ... Y15: =IF($I15="","",IFERROR(IF(INDEX('1RM'!P$4:P$12,MATCH($H15,'1RM'!$A$4:$A$12,0))="","",ROUND(INDEX('1RM'!P$4:P$12,MATCH($H15,'1RM'!$A$4:$A$12,0))*$I15/2.5,0)*2.5),""))
A17: Regra da sessão
A18: A coluna de cada atleta é o quilo que sai do 1RM dele, já arredondado à anilha. Em branco = falta o 1RM daquele exercício na aba 1RM.
A19: "RIR 2" é repetições na reserva: terminar a série com duas que ainda sairiam com técnica limpa. Não é ir até a falha.

Sheet Terça
A1: ELASE VOLEIBOL · MASCULINO ADULTO · SEMANA DO JOGO
A2: TERÇA 13/10 · FORÇA 2 · dominante de tronco
A3: Carga alta de novo, mas em outro tecido: a perna de ontem descansa enquanto o tronco trabalha.
A5: Séries | C5: Duração estimada | E5: Contatos pliométricos
A6: =SUM(D8:D15) | C6: =ROUND(SUMPRODUCT($D$8:$D$15,($F$8:$F$15+$E$8:$E$15*4))/60,0) | E6: =SUMPRODUCT(--($C$8:$C$15="Pliometria"),$D$8:$D$15,$E$8:$E$15)
A7: # | B7: Exercício | C7: Padrão | D7: Séries | E7: Reps | F7: Pausa (s) | G7: Carga | H7: Ref. de 1RM | I7: % | J7: Observação | K7: =IF('1RM'!B$3="","",'1RM'!B$3) | L7: =IF('1RM'!C$3="","",'1RM'!C$3) | M7: =IF('1RM'!D$3="","",'1RM'!D$3) | N7: =IF('1RM'!E$3="","",'1RM'!E$3) | O7: =IF('1RM'!F$3="","",'1RM'!F$3) | P7: =IF('1RM'!G$3="","",'1RM'!G$3) | Q7: =IF('1RM'!H$3="","",'1RM'!H$3) | R7: =IF('1RM'!I$3="","",'1RM'!I$3) | ... Y7: =IF('1RM'!P$3="","",'1RM'!P$3)
A8: 1 | B8: Supino reto com barra | C8: Empurrar | D8: 5 | E8: 3 | F8: 180 | G8: 85% | H8: Supino | I8: 0.85 | J8: Mesma lógica da segunda: três repetições sólidas valem mais que quatro arrastadas. | K8: =IF($I8="","",IFERROR(IF(INDEX('1RM'!B$4:B$12,MATCH($H8,'1RM'!$A$4:$A$12,0))="","",ROUND(INDEX('1RM'!B$4:B$12,MATCH($H8,'1RM'!$A$4:$A$12,0))*$I8/2.5,0)*2.5),"")) | L8: =IF($I8="","",IFERROR(IF(INDEX('1RM'!C$4:C$12,MATCH($H8,'1RM'!$A$4:$A$12,0))="","",ROUND(INDEX('1RM'!C$4:C$12,MATCH($H8,'1RM'!$A$4:$A$12,0))*$I8/2.5,0)*2.5),"")) | M8: =IF($I8="","",IFERROR(IF(INDEX('1RM'!D$4:D$12,MATCH($H8,'1RM'!$A$4:$A$12,0))="","",ROUND(INDEX('1RM'!D$4:D$12,MATCH($H8,'1RM'!$A$4:$A$12,0))*$I8/2.5,0)*2.5),"")) | N8: =IF($I8="","",IFERROR(IF(INDEX('1RM'!E$4:E$12,MATCH($H8,'1RM'!$A$4:$A$12,0))="","",ROUND(INDEX('1RM'!E$4:E$12,MATCH($H8,'1RM'!$A$4:$A$12,0))*$I8/2.5,0)*2.5),"")) | O8: =IF($I8="","",IFERROR(IF(INDEX('1RM'!F$4:F$12,MATCH($H8,'1RM'!$A$4:$A$12,0))="","",ROUND(INDEX('1RM'!F$4:F$12,MATCH($H8,'1RM'!$A$4:$A$12,0))*$I8/2.5,0)*2.5),"")) | P8: =IF($I8="","",IFERROR(IF(INDEX('1RM'!G$4:G$12,MATCH($H8,'1RM'!$A$4:$A$12,0))="","",ROUND(INDEX('1RM'!G$4:G$12,MATCH($H8,'1RM'!$A$4:$A$12,0))*$I8/2.5,0)*2.5),"")) | Q8: =IF($I8="","",IFERROR(IF(INDEX('1RM'!H$4:H$12,MATCH($H8,'1RM'!$A$4:$A$12,0))="","",ROUND(INDEX('1RM'!H$4:H$12,MATCH($H8,'1RM'!$A$4:$A$12,0))*$I8/2.5,0)*2.5),"")) | R8: =IF($I8="","",IFERROR(IF(INDEX('1RM'!I$4:I$12,MATCH($H8,'1RM'!$A$4:$A$12,0))="","",ROUND(INDEX('1RM'!I$4:I$12,MATCH($H8,'1RM'!$A$4:$A$12,0))*$I8/2.5,0)*2.5),"")) | ... Y8: =IF($I8="","",IFERROR(IF(INDEX('1RM'!P$4:P$12,MATCH($H8,'1RM'!$A$4:$A$12,0))="","",ROUND(INDEX('1RM'!P$4:P$12,MATCH($H8,'1RM'!$A$4:$A$12,0))*$I8/2.5,0)*2.5),""))
A9: 2 | B9: Push press | C9: Empurrar | D9: 4 | E9: 4 | F9: 150 | G9: 78% | H9: Push press | I9: 0.78 | J9: A perna dá o arranque, o braço só termina. Se o braço faz tudo, a carga está alta demais. | K9: =IF($I9="","",IFERROR(IF(INDEX('1RM'!B$4:B$12,MATCH($H9,'1RM'!$A$4:$A$12,0))="","",ROUND(INDEX('1RM'!B$4:B$12,MATCH($H9,'1RM'!$A$4:$A$12,0))*$I9/2.5,0)*2.5),"")) | L9: =IF($I9="","",IFERROR(IF(INDEX('1RM'!C$4:C$12,MATCH($H9,'1RM'!$A$4:$A$12,0))="","",ROUND(INDEX('1RM'!C$4:C$12,MATCH($H9,'1RM'!$A$4:$A$12,0))*$I9/2.5,0)*2.5),"")) | M9: =IF($I9="","",IFERROR(IF(INDEX('1RM'!D$4:D$12,MATCH($H9,'1RM'!$A$4:$A$12,0))="","",ROUND(INDEX('1RM'!D$4:D$12,MATCH($H9,'1RM'!$A$4:$A$12,0))*$I9/2.5,0)*2.5),"")) | N9: =IF($I9="","",IFERROR(IF(INDEX('1RM'!E$4:E$12,MATCH($H9,'1RM'!$A$4:$A$12,0))="","",ROUND(INDEX('1RM'!E$4:E$12,MATCH($H9,'1RM'!$A$4:$A$12,0))*$I9/2.5,0)*2.5),"")) | O9: =IF($I9="","",IFERROR(IF(INDEX('1RM'!F$4:F$12,MATCH($H9,'1RM'!$A$4:$A$12,0))="","",ROUND(INDEX('1RM'!F$4:F$12,MATCH($H9,'1RM'!$A$4:$A$12,0))*$I9/2.5,0)*2.5),"")) | P9: =IF($I9="","",IFERROR(IF(INDEX('1RM'!G$4:G$12,MATCH($H9,'1RM'!$A$4:$A$12,0))="","",ROUND(INDEX('1RM'!G$4:G$12,MATCH($H9,'1RM'!$A$4:$A$12,0))*$I9/2.5,0)*2.5),"")) | Q9: =IF($I9="","",IFERROR(IF(INDEX('1RM'!H$4:H$12,MATCH($H9,'1RM'!$A$4:$A$12,0))="","",ROUND(INDEX('1RM'!H$4:H$12,MATCH($H9,'1RM'!$A$4:$A$12,0))*$I9/2.5,0)*2.5),"")) | R9: =IF($I9="","",IFERROR(IF(INDEX('1RM'!I$4:I$12,MATCH($H9,'1RM'!$A$4:$A$12,0))="","",ROUND(INDEX('1RM'!I$4:I$12,MATCH($H9,'1RM'!$A$4:$A$12,0))*$I9/2.5,0)*2.5),"")) | ... Y9: =IF($I9="","",IFERROR(IF(INDEX('1RM'!P$4:P$12,MATCH($H9,'1RM'!$A$4:$A$12,0))="","",ROUND(INDEX('1RM'!P$4:P$12,MATCH($H9,'1RM'!$A$4:$A$12,0))*$I9/2.5,0)*2.5),""))
A10: 3 | B10: Remada serrote | C10: Puxar | D10: 4 | E10: 6 | F10: 120 | G10: 78% | H10: Remada serrote | I10: 0.78 | J10: Seis em cada braço. | K10: =IF($I10="","",IFERROR(IF(INDEX('1RM'!B$4:B$12,MATCH($H10,'1RM'!$A$4:$A$12,0))="","",ROUND(INDEX('1RM'!B$4:B$12,MATCH($H10,'1RM'!$A$4:$A$12,0))*$I10/2.5,0)*2.5),"")) | L10: =IF($I10="","",IFERROR(IF(INDEX('1RM'!C$4:C$12,MATCH($H10,'1RM'!$A$4:$A$12,0))="","",ROUND(INDEX('1RM'!C$4:C$12,MATCH($H10,'1RM'!$A$4:$A$12,0))*$I10/2.5,0)*2.5),"")) | M10: =IF($I10="","",IFERROR(IF(INDEX('1RM'!D$4:D$12,MATCH($H10,'1RM'!$A$4:$A$12,0))="","",ROUND(INDEX('1RM'!D$4:D$12,MATCH($H10,'1RM'!$A$4:$A$12,0))*$I10/2.5,0)*2.5),"")) | N10: =IF($I10="","",IFERROR(IF(INDEX('1RM'!E$4:E$12,MATCH($H10,'1RM'!$A$4:$A$12,0))="","",ROUND(INDEX('1RM'!E$4:E$12,MATCH($H10,'1RM'!$A$4:$A$12,0))*$I10/2.5,0)*2.5),"")) | O10: =IF($I10="","",IFERROR(IF(INDEX('1RM'!F$4:F$12,MATCH($H10,'1RM'!$A$4:$A$12,0))="","",ROUND(INDEX('1RM'!F$4:F$12,MATCH($H10,'1RM'!$A$4:$A$12,0))*$I10/2.5,0)*2.5),"")) | P10: =IF($I10="","",IFERROR(IF(INDEX('1RM'!G$4:G$12,MATCH($H10,'1RM'!$A$4:$A$12,0))="","",ROUND(INDEX('1RM'!G$4:G$12,MATCH($H10,'1RM'!$A$4:$A$12,0))*$I10/2.5,0)*2.5),"")) | Q10: =IF($I10="","",IFERROR(IF(INDEX('1RM'!H$4:H$12,MATCH($H10,'1RM'!$A$4:$A$12,0))="","",ROUND(INDEX('1RM'!H$4:H$12,MATCH($H10,'1RM'!$A$4:$A$12,0))*$I10/2.5,0)*2.5),"")) | R10: =IF($I10="","",IFERROR(IF(INDEX('1RM'!I$4:I$12,MATCH($H10,'1RM'!$A$4:$A$12,0))="","",ROUND(INDEX('1RM'!I$4:I$12,MATCH($H10,'1RM'!$A$4:$A$12,0))*$I10/2.5,0)*2.5),"")) | ... Y10: =IF($I10="","",IFERROR(IF(INDEX('1RM'!P$4:P$12,MATCH($H10,'1RM'!$A$4:$A$12,0))="","",ROUND(INDEX('1RM'!P$4:P$12,MATCH($H10,'1RM'!$A$4:$A$12,0))*$I10/2.5,0)*2.5),""))
A11: 4 | B11: Puxada unilateral no pulley alto | C11: Puxar | D11: 3 | E11: 8 | F11: 90 | G11: RIR 2 | H11: — | J11: Oito em cada braço. | K11: =IF($I11="","",IFERROR(IF(INDEX('1RM'!B$4:B$12,MATCH($H11,'1RM'!$A$4:$A$12,0))="","",ROUND(INDEX('1RM'!B$4:B$12,MATCH($H11,'1RM'!$A$4:$A$12,0))*$I11/2.5,0)*2.5),"")) | L11: =IF($I11="","",IFERROR(IF(INDEX('1RM'!C$4:C$12,MATCH($H11,'1RM'!$A$4:$A$12,0))="","",ROUND(INDEX('1RM'!C$4:C$12,MATCH($H11,'1RM'!$A$4:$A$12,0))*$I11/2.5,0)*2.5),"")) | M11: =IF($I11="","",IFERROR(IF(INDEX('1RM'!D$4:D$12,MATCH($H11,'1RM'!$A$4:$A$12,0))="","",ROUND(INDEX('1RM'!D$4:D$12,MATCH($H11,'1RM'!$A$4:$A$12,0))*$I11/2.5,0)*2.5),"")) | N11: =IF($I11="","",IFERROR(IF(INDEX('1RM'!E$4:E$12,MATCH($H11,'1RM'!$A$4:$A$12,0))="","",ROUND(INDEX('1RM'!E$4:E$12,MATCH($H11,'1RM'!$A$4:$A$12,0))*$I11/2.5,0)*2.5),"")) | O11: =IF($I11="","",IFERROR(IF(INDEX('1RM'!F$4:F$12,MATCH($H11,'1RM'!$A$4:$A$12,0))="","",ROUND(INDEX('1RM'!F$4:F$12,MATCH($H11,'1RM'!$A$4:$A$12,0))*$I11/2.5,0)*2.5),"")) | P11: =IF($I11="","",IFERROR(IF(INDEX('1RM'!G$4:G$12,MATCH($H11,'1RM'!$A$4:$A$12,0))="","",ROUND(INDEX('1RM'!G$4:G$12,MATCH($H11,'1RM'!$A$4:$A$12,0))*$I11/2.5,0)*2.5),"")) | Q11: =IF($I11="","",IFERROR(IF(INDEX('1RM'!H$4:H$12,MATCH($H11,'1RM'!$A$4:$A$12,0))="","",ROUND(INDEX('1RM'!H$4:H$12,MATCH($H11,'1RM'!$A$4:$A$12,0))*$I11/2.5,0)*2.5),"")) | R11: =IF($I11="","",IFERROR(IF(INDEX('1RM'!I$4:I$12,MATCH($H11,'1RM'!$A$4:$A$12,0))="","",ROUND(INDEX('1RM'!I$4:I$12,MATCH($H11,'1RM'!$A$4:$A$12,0))*$I11/2.5,0)*2.5),"")) | ... Y11: =IF($I11="","",IFERROR(IF(INDEX('1RM'!P$4:P$12,MATCH($H11,'1RM'!$A$4:$A$12,0))="","",ROUND(INDEX('1RM'!P$4:P$12,MATCH($H11,'1RM'!$A$4:$A$12,0))*$I11/2.5,0)*2.5),""))
A12: 5 | B12: Remada alta | C12: Puxar | D12: 3 | E12: 8 | F12: 90 | G12: RIR 2 | H12: — | K12: =IF($I12="","",IFERROR(IF(INDEX('1RM'!B$4:B$12,MATCH($H12,'1RM'!$A$4:$A$12,0))="","",ROUND(INDEX('1RM'!B$4:B$12,MATCH($H12,'1RM'!$A$4:$A$12,0))*$I12/2.5,0)*2.5),"")) | L12: =IF($I12="","",IFERROR(IF(INDEX('1RM'!C$4:C$12,MATCH($H12,'1RM'!$A$4:$A$12,0))="","",ROUND(INDEX('1RM'!C$4:C$12,MATCH($H12,'1RM'!$A$4:$A$12,0))*$I12/2.5,0)*2.5),"")) | M12: =IF($I12="","",IFERROR(IF(INDEX('1RM'!D$4:D$12,MATCH($H12,'1RM'!$A$4:$A$12,0))="","",ROUND(INDEX('1RM'!D$4:D$12,MATCH($H12,'1RM'!$A$4:$A$12,0))*$I12/2.5,0)*2.5),"")) | N12: =IF($I12="","",IFERROR(IF(INDEX('1RM'!E$4:E$12,MATCH($H12,'1RM'!$A$4:$A$12,0))="","",ROUND(INDEX('1RM'!E$4:E$12,MATCH($H12,'1RM'!$A$4:$A$12,0))*$I12/2.5,0)*2.5),"")) | O12: =IF($I12="","",IFERROR(IF(INDEX('1RM'!F$4:F$12,MATCH($H12,'1RM'!$A$4:$A$12,0))="","",ROUND(INDEX('1RM'!F$4:F$12,MATCH($H12,'1RM'!$A$4:$A$12,0))*$I12/2.5,0)*2.5),"")) | P12: =IF($I12="","",IFERROR(IF(INDEX('1RM'!G$4:G$12,MATCH($H12,'1RM'!$A$4:$A$12,0))="","",ROUND(INDEX('1RM'!G$4:G$12,MATCH($H12,'1RM'!$A$4:$A$12,0))*$I12/2.5,0)*2.5),"")) | Q12: =IF($I12="","",IFERROR(IF(INDEX('1RM'!H$4:H$12,MATCH($H12,'1RM'!$A$4:$A$12,0))="","",ROUND(INDEX('1RM'!H$4:H$12,MATCH($H12,'1RM'!$A$4:$A$12,0))*$I12/2.5,0)*2.5),"")) | R12: =IF($I12="","",IFERROR(IF(INDEX('1RM'!I$4:I$12,MATCH($H12,'1RM'!$A$4:$A$12,0))="","",ROUND(INDEX('1RM'!I$4:I$12,MATCH($H12,'1RM'!$A$4:$A$12,0))*$I12/2.5,0)*2.5),"")) | ... Y12: =IF($I12="","",IFERROR(IF(INDEX('1RM'!P$4:P$12,MATCH($H12,'1RM'!$A$4:$A$12,0))="","",ROUND(INDEX('1RM'!P$4:P$12,MATCH($H12,'1RM'!$A$4:$A$12,0))*$I12/2.5,0)*2.5),""))
A13: 6 | B13: Rotadores do ombro com elástico | C13: Ombro | D13: 3 | E13: 15 | F13: 60 | G13: RIR 3 | H13: — | J13: Força do estabilizador, não mobilidade. As duas coisas entram e são diferentes. | K13: =IF($I13="","",IFERROR(IF(INDEX('1RM'!B$4:B$12,MATCH($H13,'1RM'!$A$4:$A$12,0))="","",ROUND(INDEX('1RM'!B$4:B$12,MATCH($H13,'1RM'!$A$4:$A$12,0))*$I13/2.5,0)*2.5),"")) | L13: =IF($I13="","",IFERROR(IF(INDEX('1RM'!C$4:C$12,MATCH($H13,'1RM'!$A$4:$A$12,0))="","",ROUND(INDEX('1RM'!C$4:C$12,MATCH($H13,'1RM'!$A$4:$A$12,0))*$I13/2.5,0)*2.5),"")) | M13: =IF($I13="","",IFERROR(IF(INDEX('1RM'!D$4:D$12,MATCH($H13,'1RM'!$A$4:$A$12,0))="","",ROUND(INDEX('1RM'!D$4:D$12,MATCH($H13,'1RM'!$A$4:$A$12,0))*$I13/2.5,0)*2.5),"")) | N13: =IF($I13="","",IFERROR(IF(INDEX('1RM'!E$4:E$12,MATCH($H13,'1RM'!$A$4:$A$12,0))="","",ROUND(INDEX('1RM'!E$4:E$12,MATCH($H13,'1RM'!$A$4:$A$12,0))*$I13/2.5,0)*2.5),"")) | O13: =IF($I13="","",IFERROR(IF(INDEX('1RM'!F$4:F$12,MATCH($H13,'1RM'!$A$4:$A$12,0))="","",ROUND(INDEX('1RM'!F$4:F$12,MATCH($H13,'1RM'!$A$4:$A$12,0))*$I13/2.5,0)*2.5),"")) | P13: =IF($I13="","",IFERROR(IF(INDEX('1RM'!G$4:G$12,MATCH($H13,'1RM'!$A$4:$A$12,0))="","",ROUND(INDEX('1RM'!G$4:G$12,MATCH($H13,'1RM'!$A$4:$A$12,0))*$I13/2.5,0)*2.5),"")) | Q13: =IF($I13="","",IFERROR(IF(INDEX('1RM'!H$4:H$12,MATCH($H13,'1RM'!$A$4:$A$12,0))="","",ROUND(INDEX('1RM'!H$4:H$12,MATCH($H13,'1RM'!$A$4:$A$12,0))*$I13/2.5,0)*2.5),"")) | R13: =IF($I13="","",IFERROR(IF(INDEX('1RM'!I$4:I$12,MATCH($H13,'1RM'!$A$4:$A$12,0))="","",ROUND(INDEX('1RM'!I$4:I$12,MATCH($H13,'1RM'!$A$4:$A$12,0))*$I13/2.5,0)*2.5),"")) | ... Y13: =IF($I13="","",IFERROR(IF(INDEX('1RM'!P$4:P$12,MATCH($H13,'1RM'!$A$4:$A$12,0))="","",ROUND(INDEX('1RM'!P$4:P$12,MATCH($H13,'1RM'!$A$4:$A$12,0))*$I13/2.5,0)*2.5),""))
A14: 7 | B14: Y-T-W no banco inclinado | C14: Ombro | D14: 2 | E14: 8 | F14: 45 | G14: carga leve | H14: — | J14: Oito de cada letra. Movimento da escápula, não do braço. | K14: =IF($I14="","",IFERROR(IF(INDEX('1RM'!B$4:B$12,MATCH($H14,'1RM'!$A$4:$A$12,0))="","",ROUND(INDEX('1RM'!B$4:B$12,MATCH($H14,'1RM'!$A$4:$A$12,0))*$I14/2.5,0)*2.5),"")) | L14: =IF($I14="","",IFERROR(IF(INDEX('1RM'!C$4:C$12,MATCH($H14,'1RM'!$A$4:$A$12,0))="","",ROUND(INDEX('1RM'!C$4:C$12,MATCH($H14,'1RM'!$A$4:$A$12,0))*$I14/2.5,0)*2.5),"")) | M14: =IF($I14="","",IFERROR(IF(INDEX('1RM'!D$4:D$12,MATCH($H14,'1RM'!$A$4:$A$12,0))="","",ROUND(INDEX('1RM'!D$4:D$12,MATCH($H14,'1RM'!$A$4:$A$12,0))*$I14/2.5,0)*2.5),"")) | N14: =IF($I14="","",IFERROR(IF(INDEX('1RM'!E$4:E$12,MATCH($H14,'1RM'!$A$4:$A$12,0))="","",ROUND(INDEX('1RM'!E$4:E$12,MATCH($H14,'1RM'!$A$4:$A$12,0))*$I14/2.5,0)*2.5),"")) | O14: =IF($I14="","",IFERROR(IF(INDEX('1RM'!F$4:F$12,MATCH($H14,'1RM'!$A$4:$A$12,0))="","",ROUND(INDEX('1RM'!F$4:F$12,MATCH($H14,'1RM'!$A$4:$A$12,0))*$I14/2.5,0)*2.5),"")) | P14: =IF($I14="","",IFERROR(IF(INDEX('1RM'!G$4:G$12,MATCH($H14,'1RM'!$A$4:$A$12,0))="","",ROUND(INDEX('1RM'!G$4:G$12,MATCH($H14,'1RM'!$A$4:$A$12,0))*$I14/2.5,0)*2.5),"")) | Q14: =IF($I14="","",IFERROR(IF(INDEX('1RM'!H$4:H$12,MATCH($H14,'1RM'!$A$4:$A$12,0))="","",ROUND(INDEX('1RM'!H$4:H$12,MATCH($H14,'1RM'!$A$4:$A$12,0))*$I14/2.5,0)*2.5),"")) | R14: =IF($I14="","",IFERROR(IF(INDEX('1RM'!I$4:I$12,MATCH($H14,'1RM'!$A$4:$A$12,0))="","",ROUND(INDEX('1RM'!I$4:I$12,MATCH($H14,'1RM'!$A$4:$A$12,0))*$I14/2.5,0)*2.5),"")) | ... Y14: =IF($I14="","",IFERROR(IF(INDEX('1RM'!P$4:P$12,MATCH($H14,'1RM'!$A$4:$A$12,0))="","",ROUND(INDEX('1RM'!P$4:P$12,MATCH($H14,'1RM'!$A$4:$A$12,0))*$I14/2.5,0)*2.5),""))
A15: 8 | B15: Prancha lateral com elevação de quadril | C15: Core | D15: 3 | E15: 10 | F15: 45 | G15: peso do corpo | H15: — | J15: Dez de cada lado. | K15: =IF($I15="","",IFERROR(IF(INDEX('1RM'!B$4:B$12,MATCH($H15,'1RM'!$A$4:$A$12,0))="","",ROUND(INDEX('1RM'!B$4:B$12,MATCH($H15,'1RM'!$A$4:$A$12,0))*$I15/2.5,0)*2.5),"")) | L15: =IF($I15="","",IFERROR(IF(INDEX('1RM'!C$4:C$12,MATCH($H15,'1RM'!$A$4:$A$12,0))="","",ROUND(INDEX('1RM'!C$4:C$12,MATCH($H15,'1RM'!$A$4:$A$12,0))*$I15/2.5,0)*2.5),"")) | M15: =IF($I15="","",IFERROR(IF(INDEX('1RM'!D$4:D$12,MATCH($H15,'1RM'!$A$4:$A$12,0))="","",ROUND(INDEX('1RM'!D$4:D$12,MATCH($H15,'1RM'!$A$4:$A$12,0))*$I15/2.5,0)*2.5),"")) | N15: =IF($I15="","",IFERROR(IF(INDEX('1RM'!E$4:E$12,MATCH($H15,'1RM'!$A$4:$A$12,0))="","",ROUND(INDEX('1RM'!E$4:E$12,MATCH($H15,'1RM'!$A$4:$A$12,0))*$I15/2.5,0)*2.5),"")) | O15: =IF($I15="","",IFERROR(IF(INDEX('1RM'!F$4:F$12,MATCH($H15,'1RM'!$A$4:$A$12,0))="","",ROUND(INDEX('1RM'!F$4:F$12,MATCH($H15,'1RM'!$A$4:$A$12,0))*$I15/2.5,0)*2.5),"")) | P15: =IF($I15="","",IFERROR(IF(INDEX('1RM'!G$4:G$12,MATCH($H15,'1RM'!$A$4:$A$12,0))="","",ROUND(INDEX('1RM'!G$4:G$12,MATCH($H15,'1RM'!$A$4:$A$12,0))*$I15/2.5,0)*2.5),"")) | Q15: =IF($I15="","",IFERROR(IF(INDEX('1RM'!H$4:H$12,MATCH($H15,'1RM'!$A$4:$A$12,0))="","",ROUND(INDEX('1RM'!H$4:H$12,MATCH($H15,'1RM'!$A$4:$A$12,0))*$I15/2.5,0)*2.5),"")) | R15: =IF($I15="","",IFERROR(IF(INDEX('1RM'!I$4:I$12,MATCH($H15,'1RM'!$A$4:$A$12,0))="","",ROUND(INDEX('1RM'!I$4:I$12,MATCH($H15,'1RM'!$A$4:$A$12,0))*$I15/2.5,0)*2.5),"")) | ... Y15: =IF($I15="","",IFERROR(IF(INDEX('1RM'!P$4:P$12,MATCH($H15,'1RM'!$A$4:$A$12,0))="","",ROUND(INDEX('1RM'!P$4:P$12,MATCH($H15,'1RM'!$A$4:$A$12,0))*$I15/2.5,0)*2.5),""))
A17: Regra da sessão
A18: A coluna de cada atleta é o quilo que sai do 1RM dele, já arredondado à anilha. Em branco = falta o 1RM daquele exercício na aba 1RM.
A19: "RIR 2" é repetições na reserva: terminar a série com duas que ainda sairiam com técnica limpa. Não é ir até a falha.

Sheet Quarta
A1: ELASE VOLEIBOL · MASCULINO ADULTO · SEMANA DO JOGO
A2: QUARTA 14/10 · POTÊNCIA 1 · completa
A3: A virada do bloco. Percentual cai, velocidade manda — e entram os contatos pliométricos da semana.
A5: Séries | C5: Duração estimada | E5: Contatos pliométricos
A6: =SUM(D8:D14) | C6: =ROUND(SUMPRODUCT($D$8:$D$14,($F$8:$F$14+$E$8:$E$14*4))/60,0) | E6: =SUMPRODUCT(--($C$8:$C$14="Pliometria"),$D$8:$D$14,$E$8:$E$14)
A7: # | B7: Exercício | C7: Padrão | D7: Séries | E7: Reps | F7: Pausa (s) | G7: Carga | H7: Ref. de 1RM | I7: % | J7: Observação | K7: =IF('1RM'!B$3="","",'1RM'!B$3) | L7: =IF('1RM'!C$3="","",'1RM'!C$3) | M7: =IF('1RM'!D$3="","",'1RM'!D$3) | N7: =IF('1RM'!E$3="","",'1RM'!E$3) | O7: =IF('1RM'!F$3="","",'1RM'!F$3) | P7: =IF('1RM'!G$3="","",'1RM'!G$3) | Q7: =IF('1RM'!H$3="","",'1RM'!H$3) | R7: =IF('1RM'!I$3="","",'1RM'!I$3) | ... Y7: =IF('1RM'!P$3="","",'1RM'!P$3)
A8: 1 | B8: Clean | C8: LPO | D8: 5 | E8: 2 | F8: 180 | G8: 80% | H8: Clean | I8: 0.8 | J8: Velocidade da barra manda. Se cair, a série acabou — mesmo que sobre repetição. | K8: =IF($I8="","",IFERROR(IF(INDEX('1RM'!B$4:B$12,MATCH($H8,'1RM'!$A$4:$A$12,0))="","",ROUND(INDEX('1RM'!B$4:B$12,MATCH($H8,'1RM'!$A$4:$A$12,0))*$I8/2.5,0)*2.5),"")) | L8: =IF($I8="","",IFERROR(IF(INDEX('1RM'!C$4:C$12,MATCH($H8,'1RM'!$A$4:$A$12,0))="","",ROUND(INDEX('1RM'!C$4:C$12,MATCH($H8,'1RM'!$A$4:$A$12,0))*$I8/2.5,0)*2.5),"")) | M8: =IF($I8="","",IFERROR(IF(INDEX('1RM'!D$4:D$12,MATCH($H8,'1RM'!$A$4:$A$12,0))="","",ROUND(INDEX('1RM'!D$4:D$12,MATCH($H8,'1RM'!$A$4:$A$12,0))*$I8/2.5,0)*2.5),"")) | N8: =IF($I8="","",IFERROR(IF(INDEX('1RM'!E$4:E$12,MATCH($H8,'1RM'!$A$4:$A$12,0))="","",ROUND(INDEX('1RM'!E$4:E$12,MATCH($H8,'1RM'!$A$4:$A$12,0))*$I8/2.5,0)*2.5),"")) | O8: =IF($I8="","",IFERROR(IF(INDEX('1RM'!F$4:F$12,MATCH($H8,'1RM'!$A$4:$A$12,0))="","",ROUND(INDEX('1RM'!F$4:F$12,MATCH($H8,'1RM'!$A$4:$A$12,0))*$I8/2.5,0)*2.5),"")) | P8: =IF($I8="","",IFERROR(IF(INDEX('1RM'!G$4:G$12,MATCH($H8,'1RM'!$A$4:$A$12,0))="","",ROUND(INDEX('1RM'!G$4:G$12,MATCH($H8,'1RM'!$A$4:$A$12,0))*$I8/2.5,0)*2.5),"")) | Q8: =IF($I8="","",IFERROR(IF(INDEX('1RM'!H$4:H$12,MATCH($H8,'1RM'!$A$4:$A$12,0))="","",ROUND(INDEX('1RM'!H$4:H$12,MATCH($H8,'1RM'!$A$4:$A$12,0))*$I8/2.5,0)*2.5),"")) | R8: =IF($I8="","",IFERROR(IF(INDEX('1RM'!I$4:I$12,MATCH($H8,'1RM'!$A$4:$A$12,0))="","",ROUND(INDEX('1RM'!I$4:I$12,MATCH($H8,'1RM'!$A$4:$A$12,0))*$I8/2.5,0)*2.5),"")) | ... Y8: =IF($I8="","",IFERROR(IF(INDEX('1RM'!P$4:P$12,MATCH($H8,'1RM'!$A$4:$A$12,0))="","",ROUND(INDEX('1RM'!P$4:P$12,MATCH($H8,'1RM'!$A$4:$A$12,0))*$I8/2.5,0)*2.5),""))
A9: 2 | B9: Snatch pull / Hang high pull | C9: LPO | D9: 3 | E9: 3 | F9: 150 | G9: 90% | H9: Clean pull | I9: 0.9 | J9: Puxada alta: a parte do arranco que aguenta mais carga. | K9: =IF($I9="","",IFERROR(IF(INDEX('1RM'!B$4:B$12,MATCH($H9,'1RM'!$A$4:$A$12,0))="","",ROUND(INDEX('1RM'!B$4:B$12,MATCH($H9,'1RM'!$A$4:$A$12,0))*$I9/2.5,0)*2.5),"")) | L9: =IF($I9="","",IFERROR(IF(INDEX('1RM'!C$4:C$12,MATCH($H9,'1RM'!$A$4:$A$12,0))="","",ROUND(INDEX('1RM'!C$4:C$12,MATCH($H9,'1RM'!$A$4:$A$12,0))*$I9/2.5,0)*2.5),"")) | M9: =IF($I9="","",IFERROR(IF(INDEX('1RM'!D$4:D$12,MATCH($H9,'1RM'!$A$4:$A$12,0))="","",ROUND(INDEX('1RM'!D$4:D$12,MATCH($H9,'1RM'!$A$4:$A$12,0))*$I9/2.5,0)*2.5),"")) | N9: =IF($I9="","",IFERROR(IF(INDEX('1RM'!E$4:E$12,MATCH($H9,'1RM'!$A$4:$A$12,0))="","",ROUND(INDEX('1RM'!E$4:E$12,MATCH($H9,'1RM'!$A$4:$A$12,0))*$I9/2.5,0)*2.5),"")) | O9: =IF($I9="","",IFERROR(IF(INDEX('1RM'!F$4:F$12,MATCH($H9,'1RM'!$A$4:$A$12,0))="","",ROUND(INDEX('1RM'!F$4:F$12,MATCH($H9,'1RM'!$A$4:$A$12,0))*$I9/2.5,0)*2.5),"")) | P9: =IF($I9="","",IFERROR(IF(INDEX('1RM'!G$4:G$12,MATCH($H9,'1RM'!$A$4:$A$12,0))="","",ROUND(INDEX('1RM'!G$4:G$12,MATCH($H9,'1RM'!$A$4:$A$12,0))*$I9/2.5,0)*2.5),"")) | Q9: =IF($I9="","",IFERROR(IF(INDEX('1RM'!H$4:H$12,MATCH($H9,'1RM'!$A$4:$A$12,0))="","",ROUND(INDEX('1RM'!H$4:H$12,MATCH($H9,'1RM'!$A$4:$A$12,0))*$I9/2.5,0)*2.5),"")) | R9: =IF($I9="","",IFERROR(IF(INDEX('1RM'!I$4:I$12,MATCH($H9,'1RM'!$A$4:$A$12,0))="","",ROUND(INDEX('1RM'!I$4:I$12,MATCH($H9,'1RM'!$A$4:$A$12,0))*$I9/2.5,0)*2.5),"")) | ... Y9: =IF($I9="","",IFERROR(IF(INDEX('1RM'!P$4:P$12,MATCH($H9,'1RM'!$A$4:$A$12,0))="","",ROUND(INDEX('1RM'!P$4:P$12,MATCH($H9,'1RM'!$A$4:$A$12,0))*$I9/2.5,0)*2.5),""))
A10: 3 | B10: Agachamento com salto sob carga (jump squat) | C10: Potência | D10: 4 | E10: 4 | F10: 180 | G10: 25% | H10: Agachamento | I10: 0.25 | J10: Acima de 1,0 m/s. Carga leve de propósito: aqui se treina velocidade, não força. | K10: =IF($I10="","",IFERROR(IF(INDEX('1RM'!B$4:B$12,MATCH($H10,'1RM'!$A$4:$A$12,0))="","",ROUND(INDEX('1RM'!B$4:B$12,MATCH($H10,'1RM'!$A$4:$A$12,0))*$I10/2.5,0)*2.5),"")) | L10: =IF($I10="","",IFERROR(IF(INDEX('1RM'!C$4:C$12,MATCH($H10,'1RM'!$A$4:$A$12,0))="","",ROUND(INDEX('1RM'!C$4:C$12,MATCH($H10,'1RM'!$A$4:$A$12,0))*$I10/2.5,0)*2.5),"")) | M10: =IF($I10="","",IFERROR(IF(INDEX('1RM'!D$4:D$12,MATCH($H10,'1RM'!$A$4:$A$12,0))="","",ROUND(INDEX('1RM'!D$4:D$12,MATCH($H10,'1RM'!$A$4:$A$12,0))*$I10/2.5,0)*2.5),"")) | N10: =IF($I10="","",IFERROR(IF(INDEX('1RM'!E$4:E$12,MATCH($H10,'1RM'!$A$4:$A$12,0))="","",ROUND(INDEX('1RM'!E$4:E$12,MATCH($H10,'1RM'!$A$4:$A$12,0))*$I10/2.5,0)*2.5),"")) | O10: =IF($I10="","",IFERROR(IF(INDEX('1RM'!F$4:F$12,MATCH($H10,'1RM'!$A$4:$A$12,0))="","",ROUND(INDEX('1RM'!F$4:F$12,MATCH($H10,'1RM'!$A$4:$A$12,0))*$I10/2.5,0)*2.5),"")) | P10: =IF($I10="","",IFERROR(IF(INDEX('1RM'!G$4:G$12,MATCH($H10,'1RM'!$A$4:$A$12,0))="","",ROUND(INDEX('1RM'!G$4:G$12,MATCH($H10,'1RM'!$A$4:$A$12,0))*$I10/2.5,0)*2.5),"")) | Q10: =IF($I10="","",IFERROR(IF(INDEX('1RM'!H$4:H$12,MATCH($H10,'1RM'!$A$4:$A$12,0))="","",ROUND(INDEX('1RM'!H$4:H$12,MATCH($H10,'1RM'!$A$4:$A$12,0))*$I10/2.5,0)*2.5),"")) | R10: =IF($I10="","",IFERROR(IF(INDEX('1RM'!I$4:I$12,MATCH($H10,'1RM'!$A$4:$A$12,0))="","",ROUND(INDEX('1RM'!I$4:I$12,MATCH($H10,'1RM'!$A$4:$A$12,0))*$I10/2.5,0)*2.5),"")) | ... Y10: =IF($I10="","",IFERROR(IF(INDEX('1RM'!P$4:P$12,MATCH($H10,'1RM'!$A$4:$A$12,0))="","",ROUND(INDEX('1RM'!P$4:P$12,MATCH($H10,'1RM'!$A$4:$A$12,0))*$I10/2.5,0)*2.5),""))
A11: 4 | B11: Supino com a barra partindo do peito | C11: Potência | D11: 4 | E11: 3 | F11: 150 | G11: 55% | H11: Supino | I11: 0.55 | J11: A barra sai PARADA do peito e vai na maior velocidade possível. Sem quique. | K11: =IF($I11="","",IFERROR(IF(INDEX('1RM'!B$4:B$12,MATCH($H11,'1RM'!$A$4:$A$12,0))="","",ROUND(INDEX('1RM'!B$4:B$12,MATCH($H11,'1RM'!$A$4:$A$12,0))*$I11/2.5,0)*2.5),"")) | L11: =IF($I11="","",IFERROR(IF(INDEX('1RM'!C$4:C$12,MATCH($H11,'1RM'!$A$4:$A$12,0))="","",ROUND(INDEX('1RM'!C$4:C$12,MATCH($H11,'1RM'!$A$4:$A$12,0))*$I11/2.5,0)*2.5),"")) | M11: =IF($I11="","",IFERROR(IF(INDEX('1RM'!D$4:D$12,MATCH($H11,'1RM'!$A$4:$A$12,0))="","",ROUND(INDEX('1RM'!D$4:D$12,MATCH($H11,'1RM'!$A$4:$A$12,0))*$I11/2.5,0)*2.5),"")) | N11: =IF($I11="","",IFERROR(IF(INDEX('1RM'!E$4:E$12,MATCH($H11,'1RM'!$A$4:$A$12,0))="","",ROUND(INDEX('1RM'!E$4:E$12,MATCH($H11,'1RM'!$A$4:$A$12,0))*$I11/2.5,0)*2.5),"")) | O11: =IF($I11="","",IFERROR(IF(INDEX('1RM'!F$4:F$12,MATCH($H11,'1RM'!$A$4:$A$12,0))="","",ROUND(INDEX('1RM'!F$4:F$12,MATCH($H11,'1RM'!$A$4:$A$12,0))*$I11/2.5,0)*2.5),"")) | P11: =IF($I11="","",IFERROR(IF(INDEX('1RM'!G$4:G$12,MATCH($H11,'1RM'!$A$4:$A$12,0))="","",ROUND(INDEX('1RM'!G$4:G$12,MATCH($H11,'1RM'!$A$4:$A$12,0))*$I11/2.5,0)*2.5),"")) | Q11: =IF($I11="","",IFERROR(IF(INDEX('1RM'!H$4:H$12,MATCH($H11,'1RM'!$A$4:$A$12,0))="","",ROUND(INDEX('1RM'!H$4:H$12,MATCH($H11,'1RM'!$A$4:$A$12,0))*$I11/2.5,0)*2.5),"")) | R11: =IF($I11="","",IFERROR(IF(INDEX('1RM'!I$4:I$12,MATCH($H11,'1RM'!$A$4:$A$12,0))="","",ROUND(INDEX('1RM'!I$4:I$12,MATCH($H11,'1RM'!$A$4:$A$12,0))*$I11/2.5,0)*2.5),"")) | ... Y11: =IF($I11="","",IFERROR(IF(INDEX('1RM'!P$4:P$12,MATCH($H11,'1RM'!$A$4:$A$12,0))="","",ROUND(INDEX('1RM'!P$4:P$12,MATCH($H11,'1RM'!$A$4:$A$12,0))*$I11/2.5,0)*2.5),""))
A12: 5 | B12: Drop jump 40 cm | C12: Pliometria | D12: 3 | E12: 5 | F12: 120 | G12: peso do corpo | H12: — | J12: Contato curto com o solo. Qualidade acima da contagem. | K12: =IF($I12="","",IFERROR(IF(INDEX('1RM'!B$4:B$12,MATCH($H12,'1RM'!$A$4:$A$12,0))="","",ROUND(INDEX('1RM'!B$4:B$12,MATCH($H12,'1RM'!$A$4:$A$12,0))*$I12/2.5,0)*2.5),"")) | L12: =IF($I12="","",IFERROR(IF(INDEX('1RM'!C$4:C$12,MATCH($H12,'1RM'!$A$4:$A$12,0))="","",ROUND(INDEX('1RM'!C$4:C$12,MATCH($H12,'1RM'!$A$4:$A$12,0))*$I12/2.5,0)*2.5),"")) | M12: =IF($I12="","",IFERROR(IF(INDEX('1RM'!D$4:D$12,MATCH($H12,'1RM'!$A$4:$A$12,0))="","",ROUND(INDEX('1RM'!D$4:D$12,MATCH($H12,'1RM'!$A$4:$A$12,0))*$I12/2.5,0)*2.5),"")) | N12: =IF($I12="","",IFERROR(IF(INDEX('1RM'!E$4:E$12,MATCH($H12,'1RM'!$A$4:$A$12,0))="","",ROUND(INDEX('1RM'!E$4:E$12,MATCH($H12,'1RM'!$A$4:$A$12,0))*$I12/2.5,0)*2.5),"")) | O12: =IF($I12="","",IFERROR(IF(INDEX('1RM'!F$4:F$12,MATCH($H12,'1RM'!$A$4:$A$12,0))="","",ROUND(INDEX('1RM'!F$4:F$12,MATCH($H12,'1RM'!$A$4:$A$12,0))*$I12/2.5,0)*2.5),"")) | P12: =IF($I12="","",IFERROR(IF(INDEX('1RM'!G$4:G$12,MATCH($H12,'1RM'!$A$4:$A$12,0))="","",ROUND(INDEX('1RM'!G$4:G$12,MATCH($H12,'1RM'!$A$4:$A$12,0))*$I12/2.5,0)*2.5),"")) | Q12: =IF($I12="","",IFERROR(IF(INDEX('1RM'!H$4:H$12,MATCH($H12,'1RM'!$A$4:$A$12,0))="","",ROUND(INDEX('1RM'!H$4:H$12,MATCH($H12,'1RM'!$A$4:$A$12,0))*$I12/2.5,0)*2.5),"")) | R12: =IF($I12="","",IFERROR(IF(INDEX('1RM'!I$4:I$12,MATCH($H12,'1RM'!$A$4:$A$12,0))="","",ROUND(INDEX('1RM'!I$4:I$12,MATCH($H12,'1RM'!$A$4:$A$12,0))*$I12/2.5,0)*2.5),"")) | ... Y12: =IF($I12="","",IFERROR(IF(INDEX('1RM'!P$4:P$12,MATCH($H12,'1RM'!$A$4:$A$12,0))="","",ROUND(INDEX('1RM'!P$4:P$12,MATCH($H12,'1RM'!$A$4:$A$12,0))*$I12/2.5,0)*2.5),""))
A13: 6 | B13: Salto no caixote | C13: Pliometria | D13: 3 | E13: 5 | F13: 90 | G13: peso do corpo | H13: — | J13: Subir saltando, DESCER andando: descer do caixote é contato extra sem ganho. | K13: =IF($I13="","",IFERROR(IF(INDEX('1RM'!B$4:B$12,MATCH($H13,'1RM'!$A$4:$A$12,0))="","",ROUND(INDEX('1RM'!B$4:B$12,MATCH($H13,'1RM'!$A$4:$A$12,0))*$I13/2.5,0)*2.5),"")) | L13: =IF($I13="","",IFERROR(IF(INDEX('1RM'!C$4:C$12,MATCH($H13,'1RM'!$A$4:$A$12,0))="","",ROUND(INDEX('1RM'!C$4:C$12,MATCH($H13,'1RM'!$A$4:$A$12,0))*$I13/2.5,0)*2.5),"")) | M13: =IF($I13="","",IFERROR(IF(INDEX('1RM'!D$4:D$12,MATCH($H13,'1RM'!$A$4:$A$12,0))="","",ROUND(INDEX('1RM'!D$4:D$12,MATCH($H13,'1RM'!$A$4:$A$12,0))*$I13/2.5,0)*2.5),"")) | N13: =IF($I13="","",IFERROR(IF(INDEX('1RM'!E$4:E$12,MATCH($H13,'1RM'!$A$4:$A$12,0))="","",ROUND(INDEX('1RM'!E$4:E$12,MATCH($H13,'1RM'!$A$4:$A$12,0))*$I13/2.5,0)*2.5),"")) | O13: =IF($I13="","",IFERROR(IF(INDEX('1RM'!F$4:F$12,MATCH($H13,'1RM'!$A$4:$A$12,0))="","",ROUND(INDEX('1RM'!F$4:F$12,MATCH($H13,'1RM'!$A$4:$A$12,0))*$I13/2.5,0)*2.5),"")) | P13: =IF($I13="","",IFERROR(IF(INDEX('1RM'!G$4:G$12,MATCH($H13,'1RM'!$A$4:$A$12,0))="","",ROUND(INDEX('1RM'!G$4:G$12,MATCH($H13,'1RM'!$A$4:$A$12,0))*$I13/2.5,0)*2.5),"")) | Q13: =IF($I13="","",IFERROR(IF(INDEX('1RM'!H$4:H$12,MATCH($H13,'1RM'!$A$4:$A$12,0))="","",ROUND(INDEX('1RM'!H$4:H$12,MATCH($H13,'1RM'!$A$4:$A$12,0))*$I13/2.5,0)*2.5),"")) | R13: =IF($I13="","",IFERROR(IF(INDEX('1RM'!I$4:I$12,MATCH($H13,'1RM'!$A$4:$A$12,0))="","",ROUND(INDEX('1RM'!I$4:I$12,MATCH($H13,'1RM'!$A$4:$A$12,0))*$I13/2.5,0)*2.5),"")) | ... Y13: =IF($I13="","",IFERROR(IF(INDEX('1RM'!P$4:P$12,MATCH($H13,'1RM'!$A$4:$A$12,0))="","",ROUND(INDEX('1RM'!P$4:P$12,MATCH($H13,'1RM'!$A$4:$A$12,0))*$I13/2.5,0)*2.5),""))
A14: 7 | B14: Sprints de 10 e 20 m com mudança de direção | C14: Potência | D14: 4 | E14: 1 | F14: 120 | G14: peso do corpo | H14: — | J14: Recuperação completa entre tiros. | K14: =IF($I14="","",IFERROR(IF(INDEX('1RM'!B$4:B$12,MATCH($H14,'1RM'!$A$4:$A$12,0))="","",ROUND(INDEX('1RM'!B$4:B$12,MATCH($H14,'1RM'!$A$4:$A$12,0))*$I14/2.5,0)*2.5),"")) | L14: =IF($I14="","",IFERROR(IF(INDEX('1RM'!C$4:C$12,MATCH($H14,'1RM'!$A$4:$A$12,0))="","",ROUND(INDEX('1RM'!C$4:C$12,MATCH($H14,'1RM'!$A$4:$A$12,0))*$I14/2.5,0)*2.5),"")) | M14: =IF($I14="","",IFERROR(IF(INDEX('1RM'!D$4:D$12,MATCH($H14,'1RM'!$A$4:$A$12,0))="","",ROUND(INDEX('1RM'!D$4:D$12,MATCH($H14,'1RM'!$A$4:$A$12,0))*$I14/2.5,0)*2.5),"")) | N14: =IF($I14="","",IFERROR(IF(INDEX('1RM'!E$4:E$12,MATCH($H14,'1RM'!$A$4:$A$12,0))="","",ROUND(INDEX('1RM'!E$4:E$12,MATCH($H14,'1RM'!$A$4:$A$12,0))*$I14/2.5,0)*2.5),"")) | O14: =IF($I14="","",IFERROR(IF(INDEX('1RM'!F$4:F$12,MATCH($H14,'1RM'!$A$4:$A$12,0))="","",ROUND(INDEX('1RM'!F$4:F$12,MATCH($H14,'1RM'!$A$4:$A$12,0))*$I14/2.5,0)*2.5),"")) | P14: =IF($I14="","",IFERROR(IF(INDEX('1RM'!G$4:G$12,MATCH($H14,'1RM'!$A$4:$A$12,0))="","",ROUND(INDEX('1RM'!G$4:G$12,MATCH($H14,'1RM'!$A$4:$A$12,0))*$I14/2.5,0)*2.5),"")) | Q14: =IF($I14="","",IFERROR(IF(INDEX('1RM'!H$4:H$12,MATCH($H14,'1RM'!$A$4:$A$12,0))="","",ROUND(INDEX('1RM'!H$4:H$12,MATCH($H14,'1RM'!$A$4:$A$12,0))*$I14/2.5,0)*2.5),"")) | R14: =IF($I14="","",IFERROR(IF(INDEX('1RM'!I$4:I$12,MATCH($H14,'1RM'!$A$4:$A$12,0))="","",ROUND(INDEX('1RM'!I$4:I$12,MATCH($H14,'1RM'!$A$4:$A$12,0))*$I14/2.5,0)*2.5),"")) | ... Y14: =IF($I14="","",IFERROR(IF(INDEX('1RM'!P$4:P$12,MATCH($H14,'1RM'!$A$4:$A$12,0))="","",ROUND(INDEX('1RM'!P$4:P$12,MATCH($H14,'1RM'!$A$4:$A$12,0))*$I14/2.5,0)*2.5),""))
A16: Regra da sessão
A17: A coluna de cada atleta é o quilo que sai do 1RM dele, já arredondado à anilha. Em branco = falta o 1RM daquele exercício na aba 1RM.
A18: "RIR 2" é repetições na reserva: terminar a série com duas que ainda sairiam com técnica limpa. Não é ir até a falha.

Sheet Quinta
A1: ELASE VOLEIBOL · MASCULINO ADULTO · SEMANA DO JOGO
A2: QUINTA 15/10 · POTÊNCIA 2 · véspera do jogo
A3: Alta intensidade e volume BAIXO: 24 minutos. É para acordar o sistema nervoso, não para treinar.
A5: Séries | C5: Duração estimada | E5: Contatos pliométricos
A6: =SUM(D8:D12) | C6: =ROUND(SUMPRODUCT($D$8:$D$12,($F$8:$F$12+$E$8:$E$12*4))/60,0) | E6: =SUMPRODUCT(--($C$8:$C$12="Pliometria"),$D$8:$D$12,$E$8:$E$12)
A7: # | B7: Exercício | C7: Padrão | D7: Séries | E7: Reps | F7: Pausa (s) | G7: Carga | H7: Ref. de 1RM | I7: % | J7: Observação | K7: =IF('1RM'!B$3="","",'1RM'!B$3) | L7: =IF('1RM'!C$3="","",'1RM'!C$3) | M7: =IF('1RM'!D$3="","",'1RM'!D$3) | N7: =IF('1RM'!E$3="","",'1RM'!E$3) | O7: =IF('1RM'!F$3="","",'1RM'!F$3) | P7: =IF('1RM'!G$3="","",'1RM'!G$3) | Q7: =IF('1RM'!H$3="","",'1RM'!H$3) | R7: =IF('1RM'!I$3="","",'1RM'!I$3) | ... Y7: =IF('1RM'!P$3="","",'1RM'!P$3)
A8: 1 | B8: Clean do joelho (hang) | C8: LPO | D8: 3 | E8: 2 | F8: 120 | G8: 70% | H8: Clean | I8: 0.7 | J8: Técnico e rápido. Nenhuma tentativa pesada na véspera. | K8: =IF($I8="","",IFERROR(IF(INDEX('1RM'!B$4:B$12,MATCH($H8,'1RM'!$A$4:$A$12,0))="","",ROUND(INDEX('1RM'!B$4:B$12,MATCH($H8,'1RM'!$A$4:$A$12,0))*$I8/2.5,0)*2.5),"")) | L8: =IF($I8="","",IFERROR(IF(INDEX('1RM'!C$4:C$12,MATCH($H8,'1RM'!$A$4:$A$12,0))="","",ROUND(INDEX('1RM'!C$4:C$12,MATCH($H8,'1RM'!$A$4:$A$12,0))*$I8/2.5,0)*2.5),"")) | M8: =IF($I8="","",IFERROR(IF(INDEX('1RM'!D$4:D$12,MATCH($H8,'1RM'!$A$4:$A$12,0))="","",ROUND(INDEX('1RM'!D$4:D$12,MATCH($H8,'1RM'!$A$4:$A$12,0))*$I8/2.5,0)*2.5),"")) | N8: =IF($I8="","",IFERROR(IF(INDEX('1RM'!E$4:E$12,MATCH($H8,'1RM'!$A$4:$A$12,0))="","",ROUND(INDEX('1RM'!E$4:E$12,MATCH($H8,'1RM'!$A$4:$A$12,0))*$I8/2.5,0)*2.5),"")) | O8: =IF($I8="","",IFERROR(IF(INDEX('1RM'!F$4:F$12,MATCH($H8,'1RM'!$A$4:$A$12,0))="","",ROUND(INDEX('1RM'!F$4:F$12,MATCH($H8,'1RM'!$A$4:$A$12,0))*$I8/2.5,0)*2.5),"")) | P8: =IF($I8="","",IFERROR(IF(INDEX('1RM'!G$4:G$12,MATCH($H8,'1RM'!$A$4:$A$12,0))="","",ROUND(INDEX('1RM'!G$4:G$12,MATCH($H8,'1RM'!$A$4:$A$12,0))*$I8/2.5,0)*2.5),"")) | Q8: =IF($I8="","",IFERROR(IF(INDEX('1RM'!H$4:H$12,MATCH($H8,'1RM'!$A$4:$A$12,0))="","",ROUND(INDEX('1RM'!H$4:H$12,MATCH($H8,'1RM'!$A$4:$A$12,0))*$I8/2.5,0)*2.5),"")) | R8: =IF($I8="","",IFERROR(IF(INDEX('1RM'!I$4:I$12,MATCH($H8,'1RM'!$A$4:$A$12,0))="","",ROUND(INDEX('1RM'!I$4:I$12,MATCH($H8,'1RM'!$A$4:$A$12,0))*$I8/2.5,0)*2.5),"")) | ... Y8: =IF($I8="","",IFERROR(IF(INDEX('1RM'!P$4:P$12,MATCH($H8,'1RM'!$A$4:$A$12,0))="","",ROUND(INDEX('1RM'!P$4:P$12,MATCH($H8,'1RM'!$A$4:$A$12,0))*$I8/2.5,0)*2.5),""))
A9: 2 | B9: Agachamento com salto sob carga (jump squat) | C9: Potência | D9: 3 | E9: 3 | F9: 120 | G9: 20% | H9: Agachamento | I9: 0.2 | J9: Mais leve que na quarta. O objetivo é acordar o sistema, não cansá-lo. | K9: =IF($I9="","",IFERROR(IF(INDEX('1RM'!B$4:B$12,MATCH($H9,'1RM'!$A$4:$A$12,0))="","",ROUND(INDEX('1RM'!B$4:B$12,MATCH($H9,'1RM'!$A$4:$A$12,0))*$I9/2.5,0)*2.5),"")) | L9: =IF($I9="","",IFERROR(IF(INDEX('1RM'!C$4:C$12,MATCH($H9,'1RM'!$A$4:$A$12,0))="","",ROUND(INDEX('1RM'!C$4:C$12,MATCH($H9,'1RM'!$A$4:$A$12,0))*$I9/2.5,0)*2.5),"")) | M9: =IF($I9="","",IFERROR(IF(INDEX('1RM'!D$4:D$12,MATCH($H9,'1RM'!$A$4:$A$12,0))="","",ROUND(INDEX('1RM'!D$4:D$12,MATCH($H9,'1RM'!$A$4:$A$12,0))*$I9/2.5,0)*2.5),"")) | N9: =IF($I9="","",IFERROR(IF(INDEX('1RM'!E$4:E$12,MATCH($H9,'1RM'!$A$4:$A$12,0))="","",ROUND(INDEX('1RM'!E$4:E$12,MATCH($H9,'1RM'!$A$4:$A$12,0))*$I9/2.5,0)*2.5),"")) | O9: =IF($I9="","",IFERROR(IF(INDEX('1RM'!F$4:F$12,MATCH($H9,'1RM'!$A$4:$A$12,0))="","",ROUND(INDEX('1RM'!F$4:F$12,MATCH($H9,'1RM'!$A$4:$A$12,0))*$I9/2.5,0)*2.5),"")) | P9: =IF($I9="","",IFERROR(IF(INDEX('1RM'!G$4:G$12,MATCH($H9,'1RM'!$A$4:$A$12,0))="","",ROUND(INDEX('1RM'!G$4:G$12,MATCH($H9,'1RM'!$A$4:$A$12,0))*$I9/2.5,0)*2.5),"")) | Q9: =IF($I9="","",IFERROR(IF(INDEX('1RM'!H$4:H$12,MATCH($H9,'1RM'!$A$4:$A$12,0))="","",ROUND(INDEX('1RM'!H$4:H$12,MATCH($H9,'1RM'!$A$4:$A$12,0))*$I9/2.5,0)*2.5),"")) | R9: =IF($I9="","",IFERROR(IF(INDEX('1RM'!I$4:I$12,MATCH($H9,'1RM'!$A$4:$A$12,0))="","",ROUND(INDEX('1RM'!I$4:I$12,MATCH($H9,'1RM'!$A$4:$A$12,0))*$I9/2.5,0)*2.5),"")) | ... Y9: =IF($I9="","",IFERROR(IF(INDEX('1RM'!P$4:P$12,MATCH($H9,'1RM'!$A$4:$A$12,0))="","",ROUND(INDEX('1RM'!P$4:P$12,MATCH($H9,'1RM'!$A$4:$A$12,0))*$I9/2.5,0)*2.5),""))
A10: 3 | B10: Salto no caixote | C10: Pliometria | D10: 3 | E10: 3 | F10: 90 | G10: peso do corpo | H10: — | J10: Altura confortável. Subir saltando, descer andando. | K10: =IF($I10="","",IFERROR(IF(INDEX('1RM'!B$4:B$12,MATCH($H10,'1RM'!$A$4:$A$12,0))="","",ROUND(INDEX('1RM'!B$4:B$12,MATCH($H10,'1RM'!$A$4:$A$12,0))*$I10/2.5,0)*2.5),"")) | L10: =IF($I10="","",IFERROR(IF(INDEX('1RM'!C$4:C$12,MATCH($H10,'1RM'!$A$4:$A$12,0))="","",ROUND(INDEX('1RM'!C$4:C$12,MATCH($H10,'1RM'!$A$4:$A$12,0))*$I10/2.5,0)*2.5),"")) | M10: =IF($I10="","",IFERROR(IF(INDEX('1RM'!D$4:D$12,MATCH($H10,'1RM'!$A$4:$A$12,0))="","",ROUND(INDEX('1RM'!D$4:D$12,MATCH($H10,'1RM'!$A$4:$A$12,0))*$I10/2.5,0)*2.5),"")) | N10: =IF($I10="","",IFERROR(IF(INDEX('1RM'!E$4:E$12,MATCH($H10,'1RM'!$A$4:$A$12,0))="","",ROUND(INDEX('1RM'!E$4:E$12,MATCH($H10,'1RM'!$A$4:$A$12,0))*$I10/2.5,0)*2.5),"")) | O10: =IF($I10="","",IFERROR(IF(INDEX('1RM'!F$4:F$12,MATCH($H10,'1RM'!$A$4:$A$12,0))="","",ROUND(INDEX('1RM'!F$4:F$12,MATCH($H10,'1RM'!$A$4:$A$12,0))*$I10/2.5,0)*2.5),"")) | P10: =IF($I10="","",IFERROR(IF(INDEX('1RM'!G$4:G$12,MATCH($H10,'1RM'!$A$4:$A$12,0))="","",ROUND(INDEX('1RM'!G$4:G$12,MATCH($H10,'1RM'!$A$4:$A$12,0))*$I10/2.5,0)*2.5),"")) | Q10: =IF($I10="","",IFERROR(IF(INDEX('1RM'!H$4:H$12,MATCH($H10,'1RM'!$A$4:$A$12,0))="","",ROUND(INDEX('1RM'!H$4:H$12,MATCH($H10,'1RM'!$A$4:$A$12,0))*$I10/2.5,0)*2.5),"")) | R10: =IF($I10="","",IFERROR(IF(INDEX('1RM'!I$4:I$12,MATCH($H10,'1RM'!$A$4:$A$12,0))="","",ROUND(INDEX('1RM'!I$4:I$12,MATCH($H10,'1RM'!$A$4:$A$12,0))*$I10/2.5,0)*2.5),"")) | ... Y10: =IF($I10="","",IFERROR(IF(INDEX('1RM'!P$4:P$12,MATCH($H10,'1RM'!$A$4:$A$12,0))="","",ROUND(INDEX('1RM'!P$4:P$12,MATCH($H10,'1RM'!$A$4:$A$12,0))*$I10/2.5,0)*2.5),""))
A11: 4 | B11: Arremesso de medicine ball acima da cabeça | C11: Potência | D11: 3 | E11: 4 | F11: 60 | G11: 3 a 4 kg | H11: — | J11: Lançamento à frente, com os dois braços, o mais longe possível. | K11: =IF($I11="","",IFERROR(IF(INDEX('1RM'!B$4:B$12,MATCH($H11,'1RM'!$A$4:$A$12,0))="","",ROUND(INDEX('1RM'!B$4:B$12,MATCH($H11,'1RM'!$A$4:$A$12,0))*$I11/2.5,0)*2.5),"")) | L11: =IF($I11="","",IFERROR(IF(INDEX('1RM'!C$4:C$12,MATCH($H11,'1RM'!$A$4:$A$12,0))="","",ROUND(INDEX('1RM'!C$4:C$12,MATCH($H11,'1RM'!$A$4:$A$12,0))*$I11/2.5,0)*2.5),"")) | M11: =IF($I11="","",IFERROR(IF(INDEX('1RM'!D$4:D$12,MATCH($H11,'1RM'!$A$4:$A$12,0))="","",ROUND(INDEX('1RM'!D$4:D$12,MATCH($H11,'1RM'!$A$4:$A$12,0))*$I11/2.5,0)*2.5),"")) | N11: =IF($I11="","",IFERROR(IF(INDEX('1RM'!E$4:E$12,MATCH($H11,'1RM'!$A$4:$A$12,0))="","",ROUND(INDEX('1RM'!E$4:E$12,MATCH($H11,'1RM'!$A$4:$A$12,0))*$I11/2.5,0)*2.5),"")) | O11: =IF($I11="","",IFERROR(IF(INDEX('1RM'!F$4:F$12,MATCH($H11,'1RM'!$A$4:$A$12,0))="","",ROUND(INDEX('1RM'!F$4:F$12,MATCH($H11,'1RM'!$A$4:$A$12,0))*$I11/2.5,0)*2.5),"")) | P11: =IF($I11="","",IFERROR(IF(INDEX('1RM'!G$4:G$12,MATCH($H11,'1RM'!$A$4:$A$12,0))="","",ROUND(INDEX('1RM'!G$4:G$12,MATCH($H11,'1RM'!$A$4:$A$12,0))*$I11/2.5,0)*2.5),"")) | Q11: =IF($I11="","",IFERROR(IF(INDEX('1RM'!H$4:H$12,MATCH($H11,'1RM'!$A$4:$A$12,0))="","",ROUND(INDEX('1RM'!H$4:H$12,MATCH($H11,'1RM'!$A$4:$A$12,0))*$I11/2.5,0)*2.5),"")) | R11: =IF($I11="","",IFERROR(IF(INDEX('1RM'!I$4:I$12,MATCH($H11,'1RM'!$A$4:$A$12,0))="","",ROUND(INDEX('1RM'!I$4:I$12,MATCH($H11,'1RM'!$A$4:$A$12,0))*$I11/2.5,0)*2.5),"")) | ... Y11: =IF($I11="","",IFERROR(IF(INDEX('1RM'!P$4:P$12,MATCH($H11,'1RM'!$A$4:$A$12,0))="","",ROUND(INDEX('1RM'!P$4:P$12,MATCH($H11,'1RM'!$A$4:$A$12,0))*$I11/2.5,0)*2.5),""))
A12: 5 | B12: Mobilização de tornozelo na parede (knee-to-wall) | C12: Mobilidade | D12: 2 | E12: 8 | F12: 30 | G12: peso do corpo | H12: — | J12: Oito em cada lado, calcanhar no chão. Abre o agachamento e a aterrissagem. | K12: =IF($I12="","",IFERROR(IF(INDEX('1RM'!B$4:B$12,MATCH($H12,'1RM'!$A$4:$A$12,0))="","",ROUND(INDEX('1RM'!B$4:B$12,MATCH($H12,'1RM'!$A$4:$A$12,0))*$I12/2.5,0)*2.5),"")) | L12: =IF($I12="","",IFERROR(IF(INDEX('1RM'!C$4:C$12,MATCH($H12,'1RM'!$A$4:$A$12,0))="","",ROUND(INDEX('1RM'!C$4:C$12,MATCH($H12,'1RM'!$A$4:$A$12,0))*$I12/2.5,0)*2.5),"")) | M12: =IF($I12="","",IFERROR(IF(INDEX('1RM'!D$4:D$12,MATCH($H12,'1RM'!$A$4:$A$12,0))="","",ROUND(INDEX('1RM'!D$4:D$12,MATCH($H12,'1RM'!$A$4:$A$12,0))*$I12/2.5,0)*2.5),"")) | N12: =IF($I12="","",IFERROR(IF(INDEX('1RM'!E$4:E$12,MATCH($H12,'1RM'!$A$4:$A$12,0))="","",ROUND(INDEX('1RM'!E$4:E$12,MATCH($H12,'1RM'!$A$4:$A$12,0))*$I12/2.5,0)*2.5),"")) | O12: =IF($I12="","",IFERROR(IF(INDEX('1RM'!F$4:F$12,MATCH($H12,'1RM'!$A$4:$A$12,0))="","",ROUND(INDEX('1RM'!F$4:F$12,MATCH($H12,'1RM'!$A$4:$A$12,0))*$I12/2.5,0)*2.5),"")) | P12: =IF($I12="","",IFERROR(IF(INDEX('1RM'!G$4:G$12,MATCH($H12,'1RM'!$A$4:$A$12,0))="","",ROUND(INDEX('1RM'!G$4:G$12,MATCH($H12,'1RM'!$A$4:$A$12,0))*$I12/2.5,0)*2.5),"")) | Q12: =IF($I12="","",IFERROR(IF(INDEX('1RM'!H$4:H$12,MATCH($H12,'1RM'!$A$4:$A$12,0))="","",ROUND(INDEX('1RM'!H$4:H$12,MATCH($H12,'1RM'!$A$4:$A$12,0))*$I12/2.5,0)*2.5),"")) | R12: =IF($I12="","",IFERROR(IF(INDEX('1RM'!I$4:I$12,MATCH($H12,'1RM'!$A$4:$A$12,0))="","",ROUND(INDEX('1RM'!I$4:I$12,MATCH($H12,'1RM'!$A$4:$A$12,0))*$I12/2.5,0)*2.5),"")) | ... Y12: =IF($I12="","",IFERROR(IF(INDEX('1RM'!P$4:P$12,MATCH($H12,'1RM'!$A$4:$A$12,0))="","",ROUND(INDEX('1RM'!P$4:P$12,MATCH($H12,'1RM'!$A$4:$A$12,0))*$I12/2.5,0)*2.5),""))
A14: Regra da sessão
A15: A coluna de cada atleta é o quilo que sai do 1RM dele, já arredondado à anilha. Em branco = falta o 1RM daquele exercício na aba 1RM.
A16: "RIR 2" é repetições na reserva: terminar a série com duas que ainda sairiam com técnica limpa. Não é ir até a falha.
